Alpha-2 code,Alpha-3 code,Country,Numeric,Population,Area,Density,Source& Date
AD,AND,Andorra,020,79034,468,181,169,437,2021
AE,ARE,United Arab Emirates,784,9365145,83600,32278,112,290,2021
AF,AFG,Afghanistan,004,40099462,652864,252071,61,159,2021
AG,ATG,Antigua and Barbuda,028,93219,442,171,211,546,2021
AI,AIA,Anguilla,660,15753,91,35,173,448,2021
AL,ALB,Albania,008,2854710,28748,11100,99,257,2021
AM,ARM,Armenia,051,2790974,29743,11484,94,243,2021
AO,AGO,Angola,024,34503774,1246700,481351,28,72,2021
AQ,ATA,Antarctica,010
AR,ARG,Argentina,032,45276780,2780400,1073512,16,42,2021
AS,ASM,American Samoa,016,45035,199,77,226,586,2021
AT,AUT,Austria,040,8922082,83871,32383,106,276,2021
AU,AUS,Australia,036,25921089,7692024,2969890,3,9,2021
AW,ABW,Aruba,533,106537,180,69,592,1533,2021
AX,ALA,Åland Islands,248,30344,1580,610,19,50, 31 Dec 2021
AZ,AZE,Azerbaijan,031,10312992,86600,33436,119,308,2021
BA,BIH,Bosnia and Herzegovina,070,3270943,51209,19772,64,165,2021
BB,BRB,Barbados,052,281200,430,166,654,1694,2021
BD,BGD,Bangladesh,050,169356251,148460,57320,1141,2955,2021
BE,BEL,Belgium,056,11611419,30528,11787,380,985,2021
BF,BFA,Burkina Faso,854,22100683,272967,105393,81,210,2021
BG,BGR,Bulgaria,100,6885868,110912,42823,62,161,2021
BH,BHR,Bahrain,048,1463265,785,303,1864,4828,2020
BI,BDI,Burundi,108,12551213,27834,10747,451,1168,2021
BJ,BEN,Benin,204,12996895,114763,44310,113,293,2021
BL,BLM,Saint Barthélemy,652,10861,25,10,434,1125,1 Jan 2017
BM,BMU,Bermuda,060,64185,53,20,1211,3137,2021
BN,BRN,Brunei,096,445373,5765,2226,77,200,2021
BO,BOL,Bolivia,068,12079472,1098581,424162,11,28,2021
BQ,BES,Bonaire,535,22573,294,114,77,199, 31 Dec 2021
BR,BRA,Brazil,076,214326223,8514877,3287594,25,65,2021
BS,BHS,Bahamas,044,407906,13943,5383,29,76,2021
BT,BTN,Bhutan,064,777486,38394,14824,20,52,2021
BV,BVT,Bouvet Island,074
BW,BWA,Botswana,072,2588423,582000,224710,4,12,2021
BY,BLR,Belarus,112,9578167,207600,80154,46,119,2021
BZ,BLZ,Belize,084,400031,22966,8867,17,45,2021
CA,CAN,Canada,124,38155012,9093507,3511003,4,11,2021
CC,CCK,Cocos Islands,166,544,14,5,39,101,9 Aug 2016
CD,COD,DR Congo,180,95894118,2344858,905350,41,106,2021
CF,CAF,Central African,140,5457154,622984,240534,9,23,2021
CG,COG,Congo,178,5835806,342000,132046,17,44,2021
CH,CHE,Switzerland,756,8691406,41285,15940,211,545,2021
CI,CIV,Ivory Coast,384,27478249,322463,124503,85,221,2021
CK,COK,Cook Islands,184,17003,236,91,72,187,2021
CL,CHL,Chile,152,19493184,756102,291931,26,67,2021
CM,CMR,Cameroon,120,27198628,475650,183648,57,148,2021
CN,CHN,China,156,1425893465,9596961,3705387,149,385,2021
CO,COL,Colombia,170,51516562,1141748,440829,45,117,2021
CR,CRI,Costa Rica,188,5153957,51100,19730,101,261,2021
CU,CUB,Cuba,192,11256372,109884,42426,102,265,2021
CV,CPV,Cabo Verde,132
CW,CUW,Curaçao,531,190338,444,171,429,1110,2021
CX,CXR,Christmas Island,162,1843,135,52,14,35,9 Aug 2011
CY,CYP,Cyprus,196,1244188,9251,3572,134,348,2021
CZ,CZE,Czechia,203,10510751,78866,30450,133,345,2021
DE,DEU,Germany,276,83408554,357137,137891,234,605,2021
DJ,DJI,Djibouti,262,1105557,23200,8958,48,123,2021
DK,DNK,Denmark,208,5854240,43094,16639,136,352,2021
DM,DMA,Dominica,212,72412,751,290,96,250,2021
DO,DOM,Dominican,214,11117873,48192,18607,231,598,2021
DZ,DZA,Algeria,012,44177969,2381741,919590,19,48,2021
EC,ECU,Ecuador,218,17797737,256369,98984,69,180,2021
EE,EST,Estonia,233,1328701,45227,17462,29,76,2021
EG,EGY,Egypt,818,109262178,1002000,386872,109,282,2021
EH,ESH,Western Sahara,732,565581,266000,102703,2,6,2021
ER,ERI,Eritrea,232,3620312,117600,45405,31,80,2021
ES,ESP,Spain,724,47486935,505992,195364,94,243,2021
ET,ETH,Ethiopia,231,120283026,1104300,426370,109,282,2021
FI,FIN,Finland,246,5535992,336852,130059,16,43,2021
FJ,FJI,Fiji,242,926276,18272,7055,51,131,2021
FK,FLK,Falkland Islands,238,3764,12173,4700,0.3,0.8,2021
FM,FSM,Micronesia,583,534606,702,271,762,1972,2021
FO,FRO,Faroe Islands,234,52889,1393,538,38,98,2021
FR,FRA,France,250,64531444,551500,212934,117,303,2021
GA,GAB,Gabon,266,2341179,267668,103347,9,23,2021
GB,GBR,United Kingdom,826,67281039,242495,93627,277,719,2021
GD,GRD,Grenada,308,124610,344,133,362,938,2021
GE,GEO,Georgia,268,3688647,69700,26911,53,137,2021
GF,GUF,French Guiana,254,297449,83534,32252,4,9,2021
GG,GGY,Guernsey,831,63065,63,24,1001,2593, 31 Mar 2020
GH,GHA,Ghana,288,32833031,238533,92098,138,357,2021
GI,GIB,Gibraltar,292,32669,6,2,5445,14102,2021
GL,GRL,Greenland,304,56243,2166086,836325.8,0.03,0.07,2021
GM,GMB,Gambia,270,2639916,11295,4361,234,605,2021
GN,GIN,Guinea,324,13531906,245857,94925,55,143,2021
GP,GLP,Guadeloupe,312,396051,1705,658,232,602,2021
GQ,GNQ,Equatorial Guinea,226,1634466,28051,10830,58,151,2021
GR,GRC,Greece,300,10445365,131957,50949,79,205,2021
GS,SGS,South Georgia and the South Sandwich Islands,239
GT,GTM,Guatemala,320,17608483,108889,42042,162,419,2021
GU,GUM,Guam,316,170534,549,212,311,805,2021
GW,GNB,Guinea-Bissau,624,2060721,36125,13948,57,148,2021
GY,GUY,Guyana,328,804567,214969,83000,4,10,2021
HK,HKG,Hong Kong,344,7494578,1104,426,6789,17582,2021
HM,HMD,Heard Island and McDonald Islands,334
HN,HND,Honduras,340,10278345,112492,43433,91,237,2021
HR,HRV,Croatia,191,4060135,56594,21851,72,186,2021
HT,HTI,Haiti,332,11447569,27750,10714,413,1068,2021
HU,HUN,Hungary,348,9709786,93026,35917,104,270,2021
ID,IDN,Indonesia,360,273753191,1910931,737810,143,371,2021
IE,IRL,Ireland,372,4986526,69825,26959,71,185,2021
IL,ISR,Israel,376,8900059,22072,8522,403,1044,2022
IM,IMN,Isle of Man,833,84263,572,221,147,382,2021
IN,IND,India,356,1407563842,3287263,1269212,428,1109,2021
IO,IOT,British Indian Ocean Territory,086
IQ,IRQ,Iraq,368,43533592,435244,168048,100,259,2021
IR,IRN,Iran,364,87923432,1628750,628860,54,140,2021
IS,ISL,Iceland,352,370335,103000,39768,4,9,2021
IT,ITA,Italy,380,59240329,301339,116347,197,509,2021
JE,JEY,Jersey,832,109618,116,45,945,2448, 31 Dec 2019
JM,JAM,Jamaica,388,2827695,10991,4244,257,666,2021
JO,JOR,Jordan,400,11148278,89328,34490,125,323,2021
JP,JPN,Japan,392,124612530,377930,145919,330,854,2021
KE,KEN,Kenya,404,53005614,591958,228555,90,232,2021
KG,KGZ,Kyrgyzstan,417,6527743,199949,77200,33,85,2021
KH,KHM,Cambodia,116,16589023,181035,69898,92,237,2021
KI,KIR,Kiribati,296,128874,726,280,178,460,2021
KM,COM,Comoros,174,821625,2235,863,368,952,2021
KN,KNA,Saint Kitts and Nevis,659,47606,261,101,182,472,2021
KP,PRK,North Korea,408,25971909,120538,46540,215,558,2021
KR,KOR,South Korea,410,51830139,100148,38667,518,1340,2021
KW,KWT,Kuwait,414,4250114,17818,6880,239,618,2021
KY,CYM,Cayman Islands,136,68136,264,102,258,668,2021
KZ,KAZ,Kazakhstan,398,19196465,2724900,1052084,7,18,2021
LA,LAO,Laos,418,7425057,236800,91428,31,81,2021
LB,LBN,Lebanon,422,5592631,10452,4036,535,1386,2021
LC,LCA,Saint Lucia,662,179651,539,208,333,863,2021
LI,LIE,Liechtenstein,438,39039,160,62,244,632,2021
LK,LKA,Sri Lanka,144,21773441,65610,25332,332,860,2021
LR,LBR,Liberia,430,5193416,111369,43000,47,121,2021
LS,LSO,Lesotho,426,2281454,30355,11720,75,195,2021
LT,LTU,Lithuania,440,2786651,65300,25212,43,111,2021
LU,LUX,Luxembourg,442,639321,2586,998,247,640,2021
LV,LVA,Latvia,428,1873919,64562,24927,29,75,2021
LY,LBY,Libya,434,6735277,1759540,679358,4,10,2021
MA,MAR,Morocco,504,37076584,446550,172413,83,215,2021
MC,MCO,Monaco,492,36686,2,1,18343,47508,2021
MD,MDA,Moldova,498,3061506,33846,13068,90,234,2021
ME,MNE,Montenegro,499,627859,13812,5333,45,118,2021
MF,MAF,Saint Martin,663,31948,54,21,592,1532,1 Jan 2017
MG,MDG,Madagascar,450,28915653,587295,226755,49,128,2021
MH,MHL,Marshall Islands,584,42050,181,70,232,602,2021
MK,MKD,North Macedonia,807,2103330,25713,9928,82,212,2021
ML,MLI,Mali,466,21904983,1240192,478838,18,46,2021
MM,MMR,Myanmar,104,53798084,676578,261227,80,206,2021
MN,MNG,Mongolia,496,3347782,1564116,603905,2,6,2021
MO,MAC,Macao,446,686607,33,13,20806,53888,2021
MP,MNP,Northern Mariana Islands,580,49481,457,176,108,280,2021
MQ,MTQ,Martinique,474,368796,1128,436,327,847,2021
MR,MRT,Mauritania,478,4614974,1030700,397953,4,12,2021
MS,MSR,Montserrat,500,4417,103,40,43,111,2021
MT,MLT,Malta,470,526748,316,122,1667,4317,2021
MU,MUS,Mauritius,480,1298915,1969,760,660,1709,2021
MV,MDV,Maldives,462,521457,300,116,1738,4502,2021
MW,MWI,Malawi,454,19889742,118484,45747,168,435,2021
MX,MEX,Mexico,484,126705138,1964375,758445,65,167,2021
MY,MYS,Malaysia,458,33573874,330803,127723,101,263,2021
MZ,MOZ,Mozambique,508,32077072,801590,309494,40,104,2021
NA,NAM,Namibia,516,2530151,824268,318250,3,8,2021
NC,NCL,New Caledonia,540,271407,18575,7172,15,38,2021
NE,NER,Niger,562,25252722,1267000,489189,20,52,2021
NF,NFK,Norfolk Island,574,2188,36,14,61,157, 9 Aug 2016
NG,NGA,Nigeria,566,213401323,923768,356667,231,598,2021
NI,NIC,Nicaragua,558,6850540,130373,50337,53,136,2021
NL,NLD,Netherlands,528,17501696,33670,13000,520,1346,2021
NO,NOR,Norway,578,5403021,323787,125014,17,43,2021
NP,NPL,Nepal,524,30034989,147181,56827,204,529,2021
NR,NRU,Nauru,520,12511,21,8,596,1543,2021
NU,NIU,Niue,570,1937,260,100,7,19,2021
NZ,NZL,New Zealand,554,5129727,270467,104427,19,49,2021
OM,OMN,Oman,512,4520471,309500,119498,15,38,2021
PA,PAN,Panama,591,4351267,75417,29119,58,149,2021
PE,PER,Peru,604,33715471,1285216,496222,26,68,2021
PF,PYF,French Polynesia,258,304032,4000,1544,76,197,2021
PG,PNG,Papua New Guinea,598,9949437,462840,178703,21,56,2021
PH,PHL,Philippines,608,113880328,300000,115830,380,983,2021
PK,PAK,Pakistan,586,231402117,881913,340507,262,680,2021
PL,POL,Poland,616,38307726,311888,120420,123,318,2021
PM,SPM,Saint Pierre and Miquelon,666,5883,242,93,24,63,2021
PN,PCN,Pitcairn Islands,612,47,5,2,9,24, 20 Sep 2016
PR,PRI,Puerto Rico,630,3256028,8870,3425,367,951,2021
PS,PSE,Palestine,275,5133392,6020,2324,853,2209,2021
PT,PRT,Portugal,620,10290103,92212,35603,112,289,2021
PW,PLW,Palau,585,18024,459,177,39,102,2021
PY,PRY,Paraguay,600,6703799,406752,157047,16,43,2021
QA,QAT,Qatar,634,2688235,11607,4481,232,600,2021
RE,REU,Réunion,638,966129,2513,970,384,996,2021
RO,ROU,Romania,642,19328560,238391,92043,81,210,2021
RS,SRB,Serbia,688,7296769,88361,34116,83,214,2021
RU,RUS,Russia,643,145102755,17098246,6601633,8,22,2021
RW,RWA,Rwanda,646,13461888,26338,10169,511,1324,2021
SA,SAU,Saudi Arabia,682,35950396,2149690,829995,17,43,2021
SB,SLB,Solomon Islands,090,707851,28896,11157,24,63,2021
SC,SYC,Seychelles,690,106471,456,176,233,605,2021
SD,SDN,Sudan,729,45657202,1861484,718719,25,64, 1 Jul 2017
SE,SWE,Sweden,752,10467097,450295,173859,23,60,2021
SG,SGP,Singapore,702,5453600,716,276,7617,19727,2021
SH,SHN,Saint Helena,654,5404,394,152,14,36,7 Feb 2016
SI,SVN,Slovenia,705,2119410,20273,7827,105,271,2021
SJ,SJM,Svalbard and Jan Mayen,744,2939,62422,24101.13,0.05,0.12, 1 Sep 2012
SK,SVK,Slovakia,703,5447622,49036,18933,111,288,2021
SL,SLE,Sierra Leone,694,8420641,72300,27915,116,302,2021
SM,SMR,San Marino,674,33745,61,24,553,1433,2021
SN,SEN,Senegal,686,16876720,196712,75951,86,222,2021
SO,SOM,Somalia,706,17065581,637657,246199,27,69,2021
SR,SUR,Suriname,740,612985,163820,63251,4,10,2021
SS,SSD,South Sudan,728,10748272,644329,248775,17,43, 1 Jul 2019
ST,STP,Sao Tome and Principe,678,223107,964,372,231,599,2021
SV,SLV,El Salvador,222,6314167,21041,8124,300,777,2021
SX,SXM,Sint Maarten,534,44042,34,13,1295,3355, 1 Jan 2019
SY,SYR,Syria,760,21324367,185180,71498,115,298,2021
SZ,SWZ,Eswatini,748,1192271,17363,6704,69,178,2021
TC,TCA,Turks and Caicos Islands,796,45114,948,366,48,123,2021
TD,TCD,Chad,148,16244513,1284000,495752,13,33,2021
TF,ATF,French Southern Territories,260
TG,TGO,Togo,768,8644829,56785,21925,152,394,2021
TH,THA,Thailand,764,71601103,513120,198116,140,361,2021
TJ,TJK,Tajikistan,762,9750064,143100,55251,68,176,2021
TK,TKL,Tokelau,772,1849,12,5,154,399,2021
TL,TLS,East Timor,626,1320942,14919,5760,89,229,2021
TM,TKM,Turkmenistan,795,6341855,488100,188455,13,34,2021
TN,TUN,Tunisia,788,12262946,163610,63170,75,194,2021
TO,TON,Tonga,776,106017,747,288,142,368,2021
TR,TUR,Turkey,792,84775404,783562,302533,108,280,2021
TT,TTO,Trinidad and Tobago,780,1525663,5130,1981,297,770,2021
TV,TUV,Tuvalu,798,11204,26,10,431,1116,2021
TW,TWN,Taiwan,158,23859912,36193,13974,659,1707, 31 Jan 2020
TZ,TZA,Tanzania,834,63588334,947303,365754,67,174,2021
UA,UKR,Ukraine,804,43531422,603500,233011,72,187,2021
UG,UGA,Uganda,800,45853778,241550,93262,190,492,2021
UM,UMI,United States Minor Outlying Islands,581
US,USA,United States,840,336997624,9629091,3717792,35,91,2021
UY,URY,Uruguay,858,3426260,176215,68037,19,50,2021
UZ,UZB,Uzbekistan,860,34081449,447400,172741,76,197,2021
VA,VAT,Vatican City,336,511,0,0,1043,2701, 1 Feb 2019
VC,VCT,Saint Vincent and the Grenadines,670,104332,389,150,268,695,2021
VE,VEN,Venezuela,862,28199867,912050,352143,31,80,2021
VG,VGB,British Virgin Islands,092,31122,151,58,206,534,2021
VI,VIR,US Virgin Islands,850,100091,347,134,288,747,2021
VN,VNM,Vietnam,704,97468029,330957,127782,295,763,2021
VU,VUT,Vanuatu,548,319137,12189,4706,26,68,2021
WF,WLF,Wallis and Futuna,876,11627,142,55,82,212,2021
WS,WSM,Samoa,882,218764,2842,1097,77,199,2021
YE,YEM,Yemen,887,32981641,527968,203848,62,162,2021
YT,MYT,Mayotte,175,316014,374,144,845,2188,5 Sep 2017
ZA,ZAF,South Africa,710,59392255,1221037,471442,49,126,2021
ZM,ZMB,Zambia,894,19473125,752612,290583,26,67,2021
ZW,ZWE,Zimbabwe,716,15993524,390757,150871,41,106,2021
