id,Address,Response_Address,Response_X,Response_Y
1003,名間鄉彰南路186號,南投縣名間鄉中山村1鄰彰南路186號,120.699414,23.843399
1004,南投縣竹山鎮集山路三段213號,南投縣竹山鎮延祥里5鄰集山路三段213號,120.701237,23.763470
1005,草屯鎮虎山路827號,南投縣草屯鎮和平里15鄰虎山路827號,120.685727,23.976157
1006,埔里鎮中正路435號,南投縣埔里鎮西門里2鄰中正路435號,120.966582,23.965547
1007,南投縣南投市學藝路5號,南投縣南投市營北里8鄰學藝路5號,120.689041,23.950271
1008,南投市中山街191號1樓,南投縣南投市仁和里7鄰中山街191號,120.685430,23.909493
1009,南投市仁德路57號,南投縣南投市營北里18鄰仁德路57號,120.693957,23.943313
1010,草屯鎮草鞋墩一街5、7號1F,南投縣草屯鎮中山里5鄰草鞋墩一街51號,120.681925,23.973742
1011,埔里鎮西安路1段333號,南投縣埔里鎮北梅里5鄰西安路一段333號,120.969470,23.973027
1012,南投縣草屯鎮明賢街一段28號,南投縣草屯鎮炎峰里22鄰明賢街一段28號,120.686885,23.975529
1013,南投市彰南路2段510號,南投縣南投市漳和里20鄰彰南路二段510號,120.678377,23.918503
1014,埔里鎮中華路257號,南投縣埔里鎮北梅里1鄰中華路257號,120.971875,23.971613
1015,水里鄉民權路252號,南投縣水里鄉城中村1鄰民權路249號,120.850815,23.816830
1016,南投市彰南路2段8號,南投縣南投市南投里9鄰彰南路二段8號,120.685062,23.908387
1017,埔里鎮東華路120號1F,南投縣埔里鎮東門里14鄰東華路120號,120.970147,23.964192
1018,埔里鎮八德路12-2號1樓,南投縣埔里鎮北梅里22鄰八德路12之2號,120.971011,23.971549
1019,南投市復興路78號,南投縣南投市三和里23鄰復興路78號,120.688177,23.903652
1020,南投市祖祠路275號1樓,南投縣南投市漳和里3鄰祖祠路275號,120.678077,23.914263
1021,南投市三和一路87號,南投縣南投市三和里7鄰三和一路87號,120.686256,23.902149
1022,草屯鎮碧山南路30號,南投縣草屯鎮中山里9鄰碧山南路30號,120.680743,23.978197
1023,埔里鎮民生路137號1樓,南投縣埔里鎮清新里23鄰民生路137號,120.962642,23.960069
1024,埔里鎮榮光路1號,南投縣埔里鎮蜈蚣里14鄰榮光路1號,120.996810,23.975802
1025,竹山鎮集山路2段75號,南投縣竹山鎮山崇里9鄰集山路二段75號,120.714117,23.800149
1026,埔里鎮鐵山路1號,南投縣埔里鎮愛蘭里1鄰鐵山路1號,120.946799,23.970928
1027,南投市嘉和北路17.19號1樓,南投縣南投市三和里7鄰嘉和北路70號,120.686325,23.901897
1028,南投市大同街149號,南投縣南投市南投里1鄰大同街149號,120.687456,23.909376
1029,南投市民族路260號,南投縣南投市南投里3鄰民族路260號,120.687123,23.909058
1030,草屯鎮虎山路69號1F,南投縣草屯鎮山腳里9鄰虎山路69號,120.684760,23.959154
1031,埔里鎮中山路2段351號,南投縣埔里鎮南門里5鄰中山路二段351號,120.966431,23.964103
1032,埔里鎮南昌街183號,南投縣埔里鎮南門里12鄰南昌街183號,120.965338,23.965520
1033,埔里鎮中山路2段92號,南投縣埔里鎮北安里1鄰中山路二段92號,120.973609,23.970033
1034,埔里鎮南昌街202號,南投縣埔里鎮南門里12鄰南昌街202號,120.965239,23.965893
1035,埔里鎮東峰路19號,南投縣埔里鎮一新里1鄰東峰路19號,120.945633,24.002844
1036,埔里鎮四維路26~1號1F,南投縣埔里鎮北門里21鄰四維路132號,120.973687,23.966111
1037,埔里鎮信義路335巷1號1樓,南投縣埔里鎮北梅里6鄰信義路335巷1號,120.968530,23.972778
1038,草屯鎮炎峰街17號,南投縣草屯鎮炎峰里17鄰炎峰街17號,120.686463,23.980060
1039,草屯鎮草溪路959號,南投縣草屯鎮中山里17鄰草溪路959號,120.680904,23.975923
1040,草屯鎮太平路1段503號1樓,南投縣草屯鎮上林里24鄰太平路一段503號,120.682370,23.967692
1041,草屯鎮碧山南路112-1號,南投縣草屯鎮敦和里27鄰碧山南路112之1號,120.678177,23.978528
1042,草屯鎮虎山路519號,南投縣草屯鎮山腳里15鄰虎山路519號,120.686907,23.969335
1043,草屯鎮中山街216號,南投縣草屯鎮和平里4鄰中山街216號,120.683193,23.978600
1044,草屯鎮新生路169號,南投縣草屯鎮山腳里22鄰新生路169號,120.684182,23.964969
1045,草屯鎮太平路2段198號1F,南投縣草屯鎮新厝里15鄰太平路二段196號,120.683618,23.973835
1046,草屯鎮太平路1段95~1號1、2樓,南投縣草屯鎮上林里24鄰太平路一段573號,120.682626,23.969290
1047,竹山鎮集山路3段785號,南投縣竹山鎮竹山里17鄰集山路三段785號,120.685674,23.758495
1048,竹山鎮大明路183號,南投縣竹山鎮竹山里24鄰大明路183號,120.684808,23.760092
1049,名間鄉員集路126號,南投縣名間鄉南雅村12鄰員集路126號,120.702706,23.835668
1050,水里鄉民權路130號,南投縣水里鄉農富村5鄰民權路129號,120.853272,23.817691
1051,水里鄉民族路356號1樓,南投縣水里鄉鉅工村10鄰民族路356號,120.855009,23.813507
1052,南投市中山街154號1F,南投縣南投市南投里7鄰中山街152號,120.686093,23.908840
1053,埔里鎮南興街279號,南投縣埔里鎮清新里8鄰南興街279號,120.963937,23.963992
1054,竹山鎮橫街60號,南投縣竹山鎮中正里2鄰橫街60號,120.683564,23.755407
1055,水里鄉民生路387號1樓,南投縣水里鄉中央村6鄰民生路387號,120.853959,23.816832
1056,台中市南屯區文心南五路一段642號1、2樓,臺中市南屯區豐樂里3鄰文心南五路一段642號,120.637461,24.132522
1057,臺中市大里區東興里東明路271號,臺中市大里區東興里25鄰東明路271號,120.682501,24.113068
1058,台中市大雅區學府路250巷44號,臺中市大雅區大雅里1鄰學府路250巷44號,120.651321,24.223476
1059,台中市北區天祥街72號,臺中市北區錦洲里7鄰天祥街72之2號,120.696680,24.160826
1060,台中市西區金山路29號,臺中市西區平和里8鄰金山路29號,120.670604,24.140827
1061,台中市中區民權路156號1樓,臺中市中區柳川里1鄰民權路156號,120.676886,24.140795
1062,台中市東區十甲路439號,臺中市東區東英里2鄰十甲路439號,120.708864,24.144645
1063,台中市南屯區忠勇路27-3號,臺中市南屯區春社里5鄰忠勇路27之4號,120.612190,24.138007
1064,台中市南屯區大墩路471號,臺中市南屯區惠中里9鄰大墩路471號,120.649666,24.147551
1065,台中市南區美村南路113號一樓,臺中市南區南和里6鄰美村南路113號,120.666629,24.117609
1066,台中市東區復興路四段218-1號,臺中市東區新庄里31鄰復興路四段218之1號,120.688362,24.136517
1067,台中市北屯區昌平路一段105之10號,臺中市北屯區平心里15鄰昌平路一段105之10號,120.690323,24.173825
1068,台中市南區永東街49號,臺中市南區積善里7鄰永東街49號,120.673272,24.124580
1069,台中市西屯區西屯路三段166～3號,臺中市西屯區福瑞里12鄰西屯路三段309號,120.608007,24.190404
1070,台中市大里區永隆路31號,臺中市大里區新里里17鄰永隆路31號,120.677449,24.104617
1071,台中市北屯區東山路一段204號,臺中市北屯區水景里24鄰東山路一段204號,120.712290,24.172404
1072,台中市南屯區五權西路二段167號,臺中市南屯區大誠里3鄰五權西路二段167號,120.650530,24.139811
1073,台中市北屯區景賢路99號,臺中市北屯區廍子里14鄰景賢路99號,120.724314,24.166602
1074,台中市南區復興路二段34-7號,臺中市南區和平里5鄰復興路二段34之7號,120.659937,24.119266
1075,台中市東區十甲東路828號,臺中市東區東英里21鄰十甲東路828號,120.710627,24.149401
1076,台中市西屯區河南路一段91號,臺中市西屯區何福里18鄰河南路一段91號,120.662544,24.168647
1077,台中市西屯區文心路三段138之20號,臺中市西屯區何仁里7鄰文心路三段138之20號,120.654311,24.167673
1078,台中市西屯區上安路119號,臺中市西屯區至善里16鄰上安路119號,120.638904,24.171858
1079,臺中市南屯區文心南五路三段100號,臺中市南屯區永定里7鄰文心南五路三段100號,120.630926,24.143208
1080,台中市北屯區崇德八路一段158號,臺中市北屯區仁和里7鄰崇德八路一段158號,120.687372,24.183793
1081,台中市南屯區向上路一段669號,臺中市南屯區文心里1鄰向上路一段669號,120.648283,24.146591
1082,台中市南區復興路一段207巷22弄2號,臺中市南區樹義里11鄰復興路一段207巷22弄2號,120.650223,24.112407
1083,台中市北屯區中清路二段623號,臺中市北屯區新平里14鄰中清路二段623號,120.664995,24.183606
1084,台中市西區建國路3號1樓,臺中市西區民生里23鄰建國路3號,120.676057,24.133365
1085,台中市西區向上路一段406號1.2樓,臺中市西區公德里5鄰向上路一段406號,120.655387,24.146877
1086,台中市南屯區公益路二段6號,臺中市南屯區大業里16鄰公益路二段6號,120.652480,24.151091
1087,台中市中區綠川西街175巷17號,臺中市中區綠川里23鄰綠川西街175巷17號,120.684579,24.139889
1088,台中市北屯區豐樂路21之1號,臺中市北屯區仁美里11鄰豐樂路21之1號,120.689369,24.193151
1089,台中市南屯區干城街291號,臺中市南屯區黎明里31鄰干城街291號,120.634272,24.152629
1090,台中市北屯區中清路二段48號,臺中市北屯區水湳里6鄰中清路二段48號,120.671372,24.174759
1091,台中市南屯區河南路四段528號,臺中市南屯區三厝里17鄰河南路四段528號,120.638341,24.146363
1092,台中市南區南屯路一段259號,臺中市南區西川里3鄰南屯路一段259號,120.656713,24.133972
1093,台中市北屯區熱河路二段117號,臺中市北屯區平安里16鄰熱河路二段117號,120.687458,24.171028
1094,台中市北屯區熱河路三段67號,臺中市北屯區松竹里3鄰熱河路三段67號,120.688216,24.177461
1095,台中市西屯區重慶路229號,臺中市西屯區何仁里18鄰重慶路229號,120.658337,24.168396
1096,台中市西區東興路三段126-3號,臺中市西區公正里4鄰東興路三段126之3號,120.653251,24.148928
1097,台中市西區公館路140號,臺中市西區東昇里6鄰公舘路140號,120.669556,24.134689
1098,台中市公館路140號,臺中市西區東昇里6鄰公舘路140號,120.669556,24.134689
1099,台中市中區台灣大道一段567號,臺中市中區中華里10鄰臺灣大道一段567號,120.676249,24.145109
1100,台中市東區和平街176號2樓,臺中市東區新庄里21鄰和平街176號,120.687420,24.134706
1101,台中市北區梅川西路三段35巷6號,臺中市北區賴厝里14鄰梅川西路三段35巷6號,120.677117,24.166364
1102,台中市南屯區五權西路二段627號,臺中市南屯區南屯里36鄰五權西路二段627號,120.639655,24.141537
1103,台中市南區忠明南路821-6號,臺中市南區福順里24鄰忠明南路821之6號,120.661950,24.122508
1104,台中市西屯區一段179號,找不到指定的門牌地址。,,
1105,台中市西屯區太原路一段234號,臺中市西屯區何福里1鄰太原路一段234號,120.663353,24.163867
1106,台中市北區五權路488-8號,臺中市北區錦平里20鄰五權路488號,120.683268,24.153067
1107,台中市西區南屯路一段150號1樓,臺中市西區吉龍里16鄰南屯路一段150號,120.660687,24.132867
1108,台中市大里區國光路二段587號1樓,臺中市大里區永隆里4鄰國光路二段587號,120.678878,24.113667
1109,台中市西屯區永福路139號2樓,臺中市西屯區福雅里24鄰永福路139號,120.620812,24.184698
1110,台中市西區公益路152-1號2樓,臺中市西區公益里11鄰公益路152之1號,120.659385,24.151050
1111,臺中市東勢區南平里第二橫街40號,臺中市東勢區南平里7鄰第二橫街40號,120.829173,24.254584
1112,台中市南區復興路二段155-3號,臺中市南區福平里7鄰復興路二段155之3號,120.665357,24.126823
1113,台中市西區模範街9巷11號,臺中市西區双龍里20鄰模範街9巷11號,120.666051,24.147791
1114,台中市北區博館一街12號1樓,臺中市北區淡溝里24鄰博館一街12號,120.667375,24.154776
1115,台中市大雅區雅環路一段340號1樓,臺中市大雅區二和里23鄰雅環路一段340號,120.653698,24.223868
1116,台中市西區博館路127號,臺中市西區忠明里14鄰博館路127號,120.664565,24.156914
1117,台中市北屯區崇德路一段552號1.2樓,臺中市北屯區平安里3鄰崇德路一段552號,120.685364,24.167241
1118,台中市西屯區台灣大道四段1650號,臺中市西屯區福聯里7鄰臺灣大道四段1650號,120.604647,24.184298
1119,台中市東區大智路294號,臺中市東區東興里8鄰大智路294號,120.690026,24.130658
1120,台中市西區文化街156號2樓之二,臺中市西區民龍里8鄰文化街156號,120.671593,24.152547
1121,台中市神岡區神岡路38號,臺中市神岡區神岡里14鄰神岡路38號,120.661015,24.257721
1122,台中市西區三民路一段199號,臺中市西區廣民里2鄰三民路一段199號,120.675711,24.140225
1123,台中市北屯區河北路二段223號1、2F,臺中市北屯區平陽里11鄰河北路二段223號,120.683494,24.175211
1124,台中市南屯區永春東一路700號,臺中市南屯區豐樂里15鄰永春東一路700號,120.641583,24.132740
1125,台中市潭子區中山路一段17-8號,臺中市潭子區家興里23鄰中山路一段17之8號,120.702313,24.190128
1126,台中市北屯區中清路二段416號,臺中市北屯區陳平里17鄰中清路二段416號,120.667323,24.180254
1127,台中市北區忠明路500號。,臺中市北區健行里38鄰忠明路500之10號,120.673000,24.161338
1128,台中市南區建國北路一段110號,臺中市南區樹德里7鄰建國北路一段110號,120.649900,24.121753
1129,台中市南區復興路2段11號,臺中市南區和平里12鄰復興路二段11號,120.658559,24.118123
1130,台中市北區育德路2號,臺中市北區育德里10鄰育德路5之1號,120.680049,24.157212
1131,台中市東勢區豐勢路487號 1樓,臺中市東勢區中寧里6鄰豐勢路487號,120.827924,24.257909
1132,台中市太平區樹孝路487號1樓,臺中市太平區新坪里31鄰樹孝路487號,120.720298,24.158525
1133,台中市太平區長億六街116號,臺中市太平區永成里10鄰長億六街116號,120.716097,24.119060
1134,台中市東區忠孝路386號,臺中市東區振興里22鄰忠孝路386號,120.689483,24.132577
1135,台中市東區進化路185號,臺中市東區東勢里22鄰進化路185號,120.693952,24.147584
1136,台中市西區博館二街259號1樓,臺中市西區和龍里15鄰博館二街259號,120.672397,24.149756
1137,台中市西區三民西路99號,臺中市西區公舘里16鄰三民西路99號,120.665301,24.130451
1138,台中市西區府後街11號,臺中市西區利民里3鄰府後街11號,120.675494,24.136755
1139,台中市西區梅川西路一段137號,臺中市西區後龍里8鄰梅川西路一段137號,120.670813,24.149281
1140,台中市南區復興北路30號,臺中市南區和平里1鄰復興北路30號,120.659634,24.121670
1141,台中市南區文心南路901巷26號,臺中市南區樹義里42鄰文心南路901巷26號,120.659392,24.110410
1142,台中市北區進化北路378-29號,臺中市北區賴福里1鄰進化北路378之29號,120.678850,24.163353
1143,台中市北區興進路102號一樓,臺中市北區建德里3鄰興進路102號,120.696314,24.155745
1144,台中市北區崇德路一段280號,臺中市北區建興里33鄰崇德路一段280號,120.685218,24.162201
1145,台中市西屯區國安一路65號,臺中市西屯區永安里40鄰國安一路65號,120.614138,24.190586
1146,台中市西屯區杏林路26巷8號1樓,臺中市西屯區上德里3鄰杏林路26巷8號,120.642241,24.167242
1147,台中市南屯區大進街102號1樓,臺中市南屯區大同里1鄰大進街102號,120.651459,24.144539
1148,台中市南屯區向上路一段574號1樓,臺中市南屯區惠中里22鄰向上路一段574號,120.650965,24.146871
1149,台中市南屯區文心路一段175號,臺中市南屯區田心里4鄰文心路一段175號,120.646432,24.141604
1150,台中市南屯區東興路二段203號,臺中市南屯區大同里14鄰東興路二段203號,120.652776,24.141552
1151,台中市北屯區松竹路二段138號,臺中市北屯區松茂里16鄰松竹路二段138號,120.697691,24.183250
1152,台中市北屯區大連路二段242號,臺中市北屯區平福里12鄰大連路二段242號,120.689087,24.175436
1153,台中市北屯區松竹五路一段267號1樓,臺中市北屯區舊社里29鄰松竹五路一段267號,120.707879,24.174803
1154,台中市北屯區豐樂路11－1號1－2樓,臺中市北屯區仁美里9鄰豐樂路11之1號,120.685250,24.193655
1155,台中市北屯區建和路二段271號1樓,臺中市北屯區和平里10鄰建和路二段271號,120.724541,24.174772
1156,台中市北屯區梅川西路四段291號1樓,臺中市北屯區平陽里19鄰梅川西路四段291號,120.679591,24.174717
1157,台中市北屯區天津路三段89號,臺中市北屯區平德里6鄰天津路三段89號,120.681951,24.169785
1158,台中市北屯區中清路二段309號,臺中市北屯區新平里2鄰中清路二段309號,120.668037,24.178629
1159,台中市東區忠孝路476號,臺中市東區振興里26鄰忠孝路476號,120.690927,24.133213
1160,台中市西區五權五街82-4號,臺中市西區吉龍里18鄰五權五街82之4號,120.661316,24.136704
1161,台中市西區五權西一街11號,臺中市西區吉龍里3鄰五權西一街11號,120.664338,24.139489
1162,台中市西區向上北路231號,臺中市西區公益里15鄰向上北路231號,120.659229,24.147704
1163,台中市西區公益路48號1樓,臺中市西區民龍里14鄰公益路48號,120.668088,24.150983
1164,台中市南區復興路三段360號,臺中市南區長春里16鄰復興路三段360號,120.679720,24.132871
1165,台中市南區文心南十路210號,臺中市南區工學里4鄰文心南十路210號,120.656735,24.116824
1166,台中市北區成功路428號,臺中市北區六合里7鄰成功路428號,120.676576,24.146533
1167,台中市北區東漢街7號1樓,臺中市北區賴厝里5鄰東漢街7號,120.679319,24.166163
1168,台中市西屯區黎明路三段308號,臺中市西屯區西墩里19鄰黎明路三段308號,120.638670,24.181542
1169,台中市西屯區河南路二段357號,臺中市西屯區上石里12鄰河南路二段357號,120.645081,24.171714
1170,台中市西屯區太原路一段197號,臺中市西屯區何明里17鄰太原路一段197號,120.660990,24.162755
1171,台中市西屯區黎明路3段381－383號,臺中市西屯區西墩里27鄰黎明路三段381號,120.638570,24.181965
1172,台中市西屯區漢口路一段133號,臺中市西屯區何厝里15鄰漢口路一段133號,120.657043,24.162693
1173,台中市西屯區西屯路三段166之41號,臺中市西屯區永安里25鄰西屯路三段166之41號,120.614043,24.189921
1174,台中市西屯區上安路132號1樓,臺中市西屯區上安里18鄰上安路132號,120.640094,24.171420
1175,台中市西屯區西屯路三段166-76號,臺中市西屯區永安里25鄰西屯路三段166之76號,120.612300,24.190570
1176,台中市南屯區精誠南路139號,臺中市南屯區豐樂里31鄰精誠南路139號,120.654382,24.132487
1177,台中市南屯區東興路二段341號,臺中市南屯區大同里3鄰東興路二段341號,120.652781,24.144504
1178,台中市南屯區河南路四段240號,臺中市南屯區三義里8鄰河南路四段240號,120.636540,24.154174
1179,台中市北屯區國校巷20號,臺中市北屯區北屯里16鄰國校巷20號,120.690933,24.165248
1180,台中市北屯區東山路一段197-5號,臺中市北屯區水景里15鄰東山路一段197之5號,120.710781,24.172135
1181,台中市北屯區興安路一段270號1樓,臺中市北屯區平田里9鄰興安路一段270號,120.694540,24.172585
1182,台中市北屯區崇德路二段323號,臺中市北屯區松竹里20鄰崇德路二段323號,120.685693,24.178028
1183,台中市北屯區北屯路441之8號,臺中市北屯區舊社里18鄰北屯路441之8號,120.700897,24.180029
1184,台中市北屯區松竹路三段43號1樓,臺中市北屯區松竹里11鄰松竹路三段43號,120.684616,24.181424
1185,台中市北屯區文昌二街82號,臺中市北屯區平德里14鄰文昌二街82號,120.681822,24.171686
1186,台中市北區日興街182號1樓,臺中市北區文莊里21鄰日興街182號,120.675728,24.150945
1187,台中市東區力行路50號1樓,臺中市東區合作里20鄰力行路50號,120.695926,24.151098
1188,台中市北屯區松竹路二段321號,臺中市北屯區松和里23鄰松竹路二段321號,120.692359,24.182610
1189,台中市南區工學北路65-1號,臺中市南區南和里11鄰工學北路65之1號,120.660945,24.118490
1190,台中市南屯區文心路一段428號,臺中市南屯區惠中里2鄰文心路一段428號,120.647019,24.150486
1191,台中市南屯路二段708好號,臺中市南屯區大興里19鄰南屯路二段1之1號,120.655292,24.134841
1192,台中市西區大進街210號1樓,臺中市西區公正里18鄰大進街210號,120.651393,24.146080
1193,台中市北屯區太和一街91號,臺中市北屯區廍子里15鄰太和一街91號,120.725393,24.162360
1194,台北市松山區新東街66巷18號1樓,臺北市松山區新益里15鄰新東街66巷18號,121.566042,25.062342
1195,台北市文山區景美街1－5號1樓,臺北市文山區景華里3鄰景美街1之5號,121.541732,24.994105
1196,台北市北市北投區裕民二路33巷2號1樓,找不到指定的門牌地址。,,
1197,台北市萬華區西園路2段254巷5號,臺北市萬華區和德里2鄰西園路二段254巷5號,121.494536,25.028050
1198,台北市大安區復興南路二段131號一樓,臺北市大安區龍雲里7鄰復興南路二段131號,121.543713,25.028956
1199,台北市士林區德行西路102號1樓,臺北市士林區德華里9鄰德行西路102號,121.520995,25.103974
1200,台北市大安區光復南路432號,臺北市大安區光信里5鄰光復南路432號,121.557371,25.036095
1201,台北市中山區新生北路一段59-1號,臺北市中山區興亞里19鄰新生北路一段59之1號,121.529380,25.048912
1202,北市中山區興安街51之6號,臺北市中山區朱馥里27鄰興安街51之6號,121.541321,25.056207
1203,台北市南港區同德路30號,臺北市南港區萬福里9鄰同德路30號,121.584140,25.045134
1204,台北市中山區民生西路6號9樓,臺北市中山區民安里21鄰民生西路6號,121.522327,25.057718
1205,台北市信義區松信路38號,臺北市信義區雅祥里17鄰松信路38號,121.572070,25.048040
1206,台北市金湖路386號,臺北市內湖區金湖里6鄰金湖路386號,121.604957,25.073670
1207,台北市士林區中山北路六段157巷14號1樓,臺北市士林區蘭興里5鄰中山北路六段157巷14號,121.524247,25.107005
1208,台北市寧波西街80-1號,臺北市中正區南福里18鄰寧波西街80之1號,121.516094,25.029910
1209,台北市松山區南京東路五段46號2樓,臺北市松山區吉祥里18鄰南京東路五段46號,121.559787,25.051302
1210,台北市內湖區成功路三段174巷16號,臺北市內湖區湖濱里30鄰成功路三段174巷16號,121.590425,25.081325
1211,台北市北安路598之一號,臺北市中山區成功里3鄰北安路598之1號,121.548897,25.081828
1212,台北市中正區寧波西街71號,臺北市中正區龍福里17鄰寧波西街71號,121.516999,25.030481
1213,台北市大安區羅斯福路三段37號3樓,臺北市大安區古莊里10鄰羅斯福路三段37號,121.525367,25.023505
1214,台北市中山區北安路575號,臺北市中山區大直里18鄰北安路575號,121.548475,25.081302
1215,台北市文山區木柵路一段182號1樓,臺北市文山區華興里20鄰木柵路一段182號,121.552605,24.987749
1216,台北市士林區中正路407號1樓,臺北市士林區福德里17鄰中正路407號,121.520976,25.093775
1217,台北市松山區南京東路五段80號,臺北市松山區吉祥里13鄰南京東路五段80號,121.561268,25.051266
1218,台北市內湖區港墘路121號,臺北市內湖區港墘里13鄰港墘路121號,121.576284,25.078258
1219,台北市士林區士東路16號,臺北市士林區蘭雅里19鄰士東路16號,121.526908,25.111744
1220,台北市中正區南昌路一段53號,臺北市中正區龍福里3鄰南昌路一段53號,121.517293,25.031282
1221,台北市士林區士商路51號,臺北市士林區福德里18鄰士商路51號,121.520251,25.090823
1222,台北市中山區松江路100巷1號1樓,臺北市中山區興亞里17鄰松江路100巷1號,121.532217,25.051096
1223,台北市大安區光復南路306號,臺北市大安區正聲里16鄰光復南路306號,121.557436,25.038910
1224,台北市大安區忠孝東路四段216巷19弄4號,臺北市大安區車層里14鄰忠孝東路四段216巷19弄4號,121.553254,25.040232
1225,台北市中山區吉林路23號,臺北市中山區興亞里16鄰吉林路23號,121.530170,25.050697
1226,台北市士林區延平北路五段243號,臺北市士林區葫蘆里8鄰延平北路五段243號,121.509720,25.084648
1227,台北市大安區敦化南路一段236巷9號,臺北市大安區仁愛里19鄰敦化南路一段236巷9號,121.547456,25.040673
1228,台北市大安區潮州街85號,臺北市大安區錦泰里14鄰潮州街85號,121.526134,25.028987
1229,台北市松山區八德路三段212號1樓,臺北市松山區復建里11鄰八德路三段212號,121.556762,25.047975
1230,台北市信義區和平東路三段391巷28號,臺北市信義區黎忠里16鄰和平東路三段391巷28號,121.558538,25.020447
1231,台北市中正區重慶南路一段66之1號2樓,臺北市中正區光復里6鄰重慶南路一段66之1號,121.513098,25.043609
1232,台北市中山區松江路97巷2-1號,臺北市中山區朱園里8鄰松江路97巷2之1號,121.533523,25.050934
1233,台北市大安區嘉興街363巷18弄1號,臺北市大安區芳和里17鄰嘉興街363巷18弄1號,121.552656,25.021325
1234,台北市大同區赤峰街13號1樓,臺北市大同區光能里12鄰赤峰街13號,121.519251,25.053728
1235,台北市松山區延吉街38號1樓,臺北市松山區吉仁里9鄰延吉街38號,121.553529,25.045864
1236,台北市大安區信義路四段267號二樓,臺北市大安區敦煌里7鄰信義路四段267號,121.554381,25.033459
1237,台北市文山區景興路93號,臺北市文山區興福里4鄰景興路93號,121.544820,24.995612
1238,台北市中正區汀州路2段213號1樓,臺北市中正區頂東里14鄰汀州路二段213號,121.522588,25.023577
1239,台北市中正區和平西路1段30號,臺北市中正區板溪里12鄰和平西路一段30號,121.520546,25.026572
1240,台北市大安區信義路四段一號7樓之1,臺北市大安區仁慈里3鄰信義路四段1號,121.543915,25.033566
1241,台北市中山區復興北路514巷63號,臺北市中山區下埤里14鄰復興北路514巷63號,121.541478,25.066068
1242,台北市北市中山區錦州街259號1樓,找不到指定的門牌地址。,,
1243,台北市南港區研究院路一段27號,臺北市南港區新富里7鄰研究院路一段27號,121.616544,25.053830
1244,台北市中正區忠孝西路一段41號8樓之6,臺北市中正區黎明里3鄰忠孝西路一段41號,121.518384,25.046171
1245,台北市信義區松山路335號,臺北市信義區永春里17鄰松山路335號,121.577989,25.041820
1246,台北市內湖區成功路2段325號,臺北市內湖區寶湖里27鄰成功路二段325號,121.591982,25.071800
1247,台北市士林區美德街70號,臺北市士林區舊佳里16鄰美德街70號,121.525071,25.095714
1248,台北市內湖路一段629巷10號1樓,臺北市內湖區麗山里3鄰內湖路一段629巷10號,121.574623,25.080966
1249,台北市中山區中山北路二段92號,臺北市中山區集英里7鄰中山北路二段92號,121.522558,25.058883
1250,台北市大同區重慶北路三段98號,臺北市大同區國慶里2鄰重慶北路三段98號,121.513457,25.066717
1251,台北市文山區忠順街一段80號,臺北市文山區樟樹里13鄰忠順街一段80號,121.561130,24.984321
1252,台北市中山區中山北路二段12號2樓,臺北市中山區民安里10鄰中山北路二段12號,121.522386,25.052945
1253,台北市中山區興安街91號,臺北市中山區龍洲里11鄰興安街91號,121.543223,25.056194
1254,台北市北投區自強街108號,臺北市北投區石牌里8鄰自強街108號,121.515322,25.110717
1255,台北市民生東路五段87號,臺北市松山區東榮里7鄰民生東路五段87號,121.559364,25.058782
1256,台北市中山區長春路267號1樓,臺北市中山區朱馥里22鄰長春路267號,121.541274,25.054759
1257,台北市中山區南京東路三段200號3樓之2,臺北市中山區力行里17鄰南京東路三段200號,121.543074,25.051677
1258,臺北市士林區文林路558號,臺北市士林區舊佳里21鄰文林路558號,121.524015,25.097740
1259,台北市大安區忠孝東路4段205巷7弄1號3樓,臺北市大安區建安里19鄰忠孝東路四段205巷7弄1號,121.552021,25.042183
1260,台北市松山區南京東路四段193號,臺北市松山區東勢里14鄰南京東路四段193號,121.556786,25.051762
1261,台北市大同區民生西路71號1樓,臺北市大同區雙連里13鄰民生西路71號,121.519941,25.057691
1262,台北市大安區忠孝東路四段210-1號9樓,臺北市大安區建倫里9鄰忠孝東路四段210之1號,121.552580,25.041232
1263,台北市大同區民權西路127號,臺北市大同區蓬萊里3鄰民權西路127號,121.517210,25.063115
1264,台北市士林區文林路402號,臺北市士林區福德里1鄰文林路402號,121.525039,25.093869
1265,台北市北投區西安街1段157號,臺北市北投區石牌里12鄰西安街一段157號,121.518717,25.109392
1266,台北市北投區懷德街3-7號,臺北市北投區裕民里1鄰懷德街3之7號,121.519563,25.110671
1267,台北市大安區忠孝東路四段270號2樓之1,臺北市大安區正聲里1鄰忠孝東路四段270號,121.554847,25.041186
1268,台北市松山區敦化北路199號,臺北市松山區中華里4鄰敦化北路199號,121.549618,25.055508
1269,台北市內湖區內湖路二段360號,臺北市內湖區內湖里11鄰內湖路二段360號,121.590599,25.082125
1270,台北市信義區吳興街252號,臺北市信義區雙和里22鄰吳興街252號,121.563638,25.026637
1271,台北市文山區興隆路三段111號,臺北市文山區興光里7鄰興隆路三段111號,121.558330,25.000305
1272,台北市松山區八德路四段201號,臺北市松山區吉祥里1鄰八德路四段201號,121.563762,25.048907
1273,台北市松山區南京東路五段280號1F,臺北市松山區新聚里10鄰南京東路五段280號,121.567087,25.051134
1274,台北市松山區八德路三段138號,臺北市松山區復源里11鄰八德路三段138號,121.554562,25.048009
1275,台北市松山區復興北路81巷35號,臺北市松山區中正里21鄰復興北路81巷35號,121.545593,25.051258
1276,台北市大安區泰順街17號一樓,臺北市大安區龍坡里14鄰泰順街17號,121.531530,25.025013
1277,台北市大安區延吉街233之3號二樓,臺北市大安區光信里11鄰延吉街233之3號,121.555670,25.036787
1278,台北市大安區復興南路二段321號,臺北市大安區臥龍里8鄰復興南路二段321號,121.543570,25.023930
1279,台北市政大安區忠孝東路三段217巷2弄16號1樓,臺北市大安區昌隆里1鄰忠孝東路三段217巷2弄16號,121.540602,25.042237
1280,台北市大安區瑞安街208巷24弄12號,臺北市大安區新龍里2鄰瑞安街208巷24弄12號,121.540098,25.028638
1281,台北市大安區復興南路二段173-1號2樓,臺北市大安區群賢里1鄰復興南路二段173之1號,121.543687,25.027407
1282,台北市大安區臨江里基隆路二段148號,臺北市大安區臨江里15鄰基隆路二段148號,121.556327,25.027954
1283,台北市大安區延吉街118號,臺北市大安區車層里12鄰延吉街118號,121.554630,25.040471
1284,台北市泰順街44巷13號,臺北市大安區龍泉里14鄰泰順街44巷13號,121.530693,25.023848
1285,台北市大安區樂業街59號,臺北市大安區芳和里21鄰樂業街59號,121.550670,25.022183
1286,台北市大安區辛亥路2段39號,臺北市大安區龍門里2鄰辛亥路二段39號,121.536199,25.022839
1287,台北市大安區羅斯福路三段275號2樓,臺北市大安區大學里12鄰羅斯福路三段275號,121.530956,25.018343
1288,台北市大安區和平東路三段304號,臺北市大安區黎孝里16鄰和平東路三段304號,121.556372,25.020496
1289,台北市大安區信義路四段168號1樓,臺北市大安區義安里2鄰信義路四段168號,121.550792,25.033041
1290,台北市大安區和平東路三段236號,臺北市大安區黎孝里1鄰和平東路三段236號,121.554840,25.021941
1291,台北市大同區昌吉街79號,臺北市大同區揚雅里10鄰昌吉街79號,121.514292,25.065992
1292,台北市大同區長安西路51-1號,臺北市大同區建泰里7鄰長安西路51之1號,121.517690,25.050827
1293,台北市南京西路22號3樓,臺北市大同區建泰里5鄰南京西路22號,121.519993,25.052578
1294,台北市中山區錦卅街171號,找不到指定的門牌地址。,,
1295,台北市中山區龍江路281巷1號2樓,臺北市中山區江山里21鄰龍江路281巷1號,121.540891,25.059895
1296,台北市中山區中原街50號,臺北市中山區中庄里1鄰中原街50號,121.528796,25.058416
1297,台北市中山區長安東路二段47號,臺北市中山區興亞里13鄰長安東路二段47號,121.531979,25.048575
1298,台北市中山區吉林路223號,臺北市中山區新生里12鄰吉林路223號,121.530371,25.060711
1299,台北市中山區南京東路2段95號2樓,臺北市中山區中吉里1鄰南京東路二段95號,121.532255,25.052246
1300,台北市中山區松江路268號5樓,臺北市中山區中庄里21鄰松江路268號,121.532940,25.059532
1301,台北市中山區龍江路29號,臺北市中山區力行里5鄰龍江路29號,121.540516,25.048590
1302,台北市中山區樂群二路196號,臺北市中山區金泰里3鄰樂群二路196號,121.558702,25.079687
1303,台北市錦州街275號,臺北市中山區松江里15鄰錦州街275號,121.535520,25.060379
1304,台北市民生東路二段112號,臺北市中山區中吉里23鄰民生東路二段112號,121.531332,25.057842
1305,台北市中山區松江路277號2樓,臺北市中山區松江里5鄰松江路277號,121.533378,25.060089
1306,台北市中山區吉林路428號,臺北市中山區新庄里1鄰吉林路428號,121.530283,25.066099
1307,台北市中山區龍江路185-1號一樓,臺北市中山區朱馥里24鄰龍江路185之1號,121.540800,25.055586
1308,台北市中山區雙城街四巷2號,臺北市中山區恆安里2鄰雙城街4巷2號,121.524259,25.063292
1309,台北市中山區松江路69巷11號1樓,臺北市中山區朱園里11鄰松江路69巷11號,121.534294,25.049423
1310,台北市東湖路43巷31號,臺北市內湖區安湖里6鄰東湖路43巷31號,121.613240,25.070084
1311,台北市內湖區東湖路120號2樓,臺北市內湖區五分里3鄰東湖路120號,121.616164,25.068138
1312,台北市內湖區江南街15號,臺北市內湖區港墘里4鄰江南街15號,121.578669,25.078333
1313,台北市內湖區成功路四段30巷22號,臺北市內湖區內湖里18鄰成功路四段30巷22號,121.591705,25.082419
1314,台北市內湖區新明路277號,臺北市內湖區週美里1鄰新明路277號,121.586096,25.057475
1315,台北市南港區南港路一段 169號2樓,臺北市南港區南港里2鄰南港路一段169號,121.613264,25.055161
1316,台北市士林區文林路478號1樓,臺北市士林區舊佳里19鄰文林路478號,121.524439,25.096077
1317,台北市士林區大東路176號一樓,臺北市士林區福德里4鄰大東路176號,121.525188,25.093088
1318,台北市士林區士東路50號,臺北市士林區蘭雅里17鄰士東路50號,121.527901,25.111884
1319,台北市士林區華齡街72號1樓,臺北市士林區百齡里6鄰華齡街72號,121.519456,25.084489
1320,台北市士林區天母北路18號,臺北市士林區天玉里11鄰天母北路18號,121.526296,25.119672
1321,台北市忠誠路二段76巷8號1樓,臺北市士林區三玉里18鄰忠誠路二段76巷8號,121.530327,25.111924
1322,台北市士林區德行東路187-1號,臺北市士林區三玉里13鄰德行東路187之1號,121.531509,25.108920
1323,台北市士林區福華路128巷10號,臺北市士林區德行里12鄰福華路128巷10號,121.523155,25.102885
1324,台北市士林區中正路203號2樓,臺北市士林區福林里15鄰中正路203號,121.526827,25.095367
1325,台北市士林區延平北路六段87號,臺北市士林區社子里16鄰延平北路六段87號,121.508612,25.088505
1326,台北市士林區大南路277號1樓,臺北市士林區福中里1鄰大南路277號,121.519302,25.088661
1327,台北市中山北路六段208號2F,臺北市士林區蘭雅里23鄰中山北路六段208號,121.525311,25.108263
1328,台北市北投區中央北路一段38號,臺北市北投區長安里1鄰中央北路一段38號,121.500861,25.134001
1329,台北市北投區西安街一段369號二樓,臺北市北投區榮光里21鄰西安街一段369號,121.514985,25.114650
1330,台北市北投區石牌路一段101號,臺北市北投區吉慶里15鄰石牌路一段101號,121.511942,25.114024
1331,台北市北投區尊賢街249巷2號,臺北市北投區立賢里7鄰尊賢街249巷2號,121.506737,25.117719
1332,台北市北投區西安街一段173號,臺北市北投區石牌里15鄰西安街一段173號,121.518428,25.109810
1333,台北市北投區三合街二段446號,臺北市北投區清江里19鄰三合街二段446號,121.502191,25.126674
1334,台北市北投區光明路166號1樓,臺北市北投區長安里15鄰光明路166號,121.502641,25.135000
1335,台北市信義區林口街24巷8號,臺北市信義區大仁里28鄰林口街24巷8號,121.579732,25.037420
1336,台北市信義區永吉路200巷56弄2號,臺北市信義區長春里9鄰永吉路200巷56弄2號,121.572520,25.043362
1337,台北市信義區永吉路492號1樓,臺北市信義區永春里1鄰永吉路492號,121.579374,25.045241
1338,台北市信義區莊敬路437號1樓,臺北市信義區三張里8鄰莊敬路437號,121.566992,25.027173
1339,台北市信義區虎林街121巷10號1樓,臺北市信義區廣居里28鄰虎林街121巷10號,121.577428,25.040226
1340,台北市信義區忠孝東路五段71巷11弄2號,臺北市信義區興雅里18鄰忠孝東路五段71巷11弄2號,121.567492,25.041909
1341,台北市信義區忠孝東路五段482號3樓之1,臺北市信義區松光里1鄰忠孝東路五段482號,121.577997,25.040597
1342,台北市虎林街132巷32號1樓,臺北市信義區廣居里11鄰虎林街132巷32號,121.575880,25.040402
1343,台北市信義區莊敬路325巷4號,臺北市信義區三張里32鄰莊敬路325巷4號,121.563935,25.028203
1344,台北市信義區永吉路527號2樓,臺北市信義區永吉里17鄰永吉路527號,121.580400,25.045535
1345,台北市信義區林口街192號,臺北市信義區大道里12鄰林口街192號,121.580928,25.041094
1346,台北市中正區同安街41號,臺北市中正區頂東里13鄰同安街41號,121.522429,25.024805
1347,台北市新生南路一段110之2號,臺北市中正區幸市里15鄰新生南路一段110之2號,121.532549,25.039444
1348,台北市和平西路二段123號,臺北市中正區愛國里5鄰和平西路二段123號,121.506260,25.032831
1349,台北市中正區羅斯福路二段44號5樓,臺北市中正區南福里2鄰羅斯福路二段44號,121.521521,25.027961
1350,台北市中正區連雲街75號,臺北市中正區三愛里19鄰連雲街75號,121.530134,25.034455
1351,台北市中正區汀州路2段198號,臺北市中正區河堤里2鄰汀州路二段198號,121.523290,25.022725
1352,台北市中正區武昌街一段33號,臺北市中正區光復里5鄰武昌街一段33號,121.511999,25.044157
1353,台北市中正區連雲街81號2樓,臺北市中正區三愛里19鄰連雲街81號,121.530178,25.034317
1354,台北市中正區臨沂街6巷5號1樓,臺北市中正區幸市里1鄰臨沂街6巷5號,121.530315,25.042535
1355,台北市中正區臨沂街33巷38號1樓,臺北市中正區幸市里13鄰臨沂街33巷38號,121.531656,25.039767
1356,台北市萬華區中華路二段484巷14-3號,臺北市萬華區新和里27鄰中華路二段484巷14之3號,121.506563,25.026706
1357,台北市萬華區貴陽街二段135號,臺北市萬華區菜園里24鄰貴陽街二段135號,121.501284,25.040285
1358,台北市木新路二段118號,臺北市文山區木新里27鄰木新路二段118號,121.569607,24.984439
1359,台北市文山區羅斯福路5段21號2樓之1,臺北市文山區萬盛里1鄰羅斯福路五段21號,121.538549,25.007905
1360,台北市文山區羅斯福路五段197號2樓,臺北市文山區萬祥里2鄰羅斯福路五段197號,121.538970,25.002514
1361,台北市文山區忠順街一段129號,臺北市文山區樟林里19鄰忠順街一段129號,121.560445,24.984378
1362,台北市文山區興隆路三段52號2樓,臺北市文山區興得里9鄰興隆路三段52號,121.555848,25.000164
1363,台北市文山區木柵路一段159號,臺北市文山區華興里11鄰木柵路一段159號,121.550579,24.987670
1364,台北市文山區景文街46-1號2樓,臺北市文山區景行里2鄰景文街46之1號,121.541231,24.991368
1365,台北市士林區華齡街57號,臺北市士林區百齡里10鄰華齡街57號,121.519307,25.084475
1366,台北市中正區汀州路三段211號2樓,臺北市中正區水源里2鄰汀州路三段211號,121.533654,25.014199
1367,台北市文山區景興路39-2號,臺北市文山區興福里2鄰景興路39之2號,121.544843,24.997323
1368,台北市文山區興隆路三段174號1樓,臺北市文山區興得里23鄰興隆路三段174號,121.558576,24.998194
1369,台北市敦化南路2段63巷58號1樓,臺北市大安區義安里15鄰敦化南路二段63巷58號,121.551713,25.030881
1370,台北市大安區忠孝東路四段15號3樓之1,臺北市大安區光武里27鄰忠孝東路四段15號,121.544383,25.041837
1371,臺北市北投區西安街二段335號,臺北市北投區立農里10鄰西安街二段335號,121.505747,25.120652
1372,臺北市北投區中和街228號,臺北市北投區開明里10鄰中和街228號,121.501684,25.139198
1373,澎湖縣馬公市中興路63號,澎湖縣馬公市長安里14鄰中興路63號,119.565020,23.567036
1374,台北市松山區南京東路5段123巷2弄25號1樓,臺北市松山區東光里32鄰南京東路五段123巷2弄25號,121.561779,25.052163
1375,台北市景福街228號1樓,臺北市文山區景慶里5鄰景福街228號,121.538984,24.993779
1376,台北市大安區忠孝東路四段311號2樓之4,臺北市大安區華聲里10鄰忠孝東路四段311號,121.555802,25.041594
1377,台北市信義路四段265巷10弄2-1號,臺北市大安區敦煌里8鄰信義路四段265巷10弄2之1號,121.553880,25.033785
1378,台北市中山區復興北路350號二樓之一,臺北市中山區江山里25鄰復興北路350號,121.543930,25.060070
1379,台北市大安區和平東路一段171號3F-2,臺北市大安區龍安里12鄰和平東路一段171號,121.531864,25.026524
1380,台北市中正區汀州路一段169號,臺北市中正區龍興里15鄰汀州路一段169號,121.510720,25.027248
1381,台北市松山區塔悠路47號,臺北市松山區慈祐里11鄰塔悠路47號,121.571320,25.050886
1382,台北市士林區福國路98-5號一樓,臺北市士林區德華里3鄰福國路98之5號,121.522071,25.102167
1383,台北市信義區松山路245號,臺北市信義區永春里20鄰松山路245號,121.577969,25.044374
1384,台北市內湖區內湖路1段373號,臺北市內湖區麗山里16鄰內湖路一段373號,121.569733,25.082077
1385,台北市信義區虎林街82巷31號,臺北市信義區四維里16鄰虎林街82巷31號,121.575905,25.043378
1386,台北市北投區石牌路一段166巷116號,臺北市北投區榮光里5鄰石牌路一段166巷116號,121.515393,25.111854
1387,台北市大安區忠孝東路四段231號11樓之1,臺北市大安區車層里6鄰忠孝東路四段231號,121.553118,25.041644
1388,北市大安區辛亥路ㄧ段89號1樓,臺北市大安區古風里14鄰辛亥路一段89號,121.530998,25.021722
1389,台北市松山區新中街25號,臺北市松山區東榮里8鄰新中街25號,121.560374,25.059031
1390,台北市中山區北安路458巷41弄40號,臺北市中山區永安里8鄰北安路458巷41弄40號,121.546098,25.078769
1391,臺北市信義區吳興街115 號,臺北市信義區景新里1鄰吳興街115號,121.561330,25.029995
1392,台東市中山路354號,臺東縣臺東市文化里2鄰中山路354號,121.148945,22.753806
1393,台東市中華路2段176號,臺東縣臺東市豐榮里4鄰中華路二段176號,121.138037,22.744482
1394,台東市文化街52-1號,臺東縣臺東市中山里18鄰文化街52之1號,121.150290,22.754525
1395,台東市中華路一段329號,臺東縣臺東市中正里8鄰中華路一段329號,121.153750,22.754753
1396,台東市中華路1段544號,臺東縣臺東市中山里2鄰中華路一段542號,121.149804,22.751051
1397,台東縣台東市更生路969號,臺東縣臺東市南榮里3鄰更生路969號,121.132189,22.771853
1398,台東市更生路342號,臺東縣臺東市民生里23鄰更生路342號,121.144462,22.761140
1399,台東市中正路段222號,臺東縣臺東市中正里8鄰中正路222號,121.154335,22.755196
1400,台東縣池上鄉新生路134號,臺東縣池上鄉福原村11鄰新生路134號,121.218936,23.123360
1401,台東市博愛路362巷15號,臺東縣臺東市民族里16鄰博愛路362巷15號,121.147780,22.757363
1402,台東市新生路492號,臺東縣臺東市中心里5鄰新生路492號,121.139601,22.759914
1403,台東市博愛路470號,臺東縣臺東市民族里3鄰博愛路470號,121.146019,22.754715
1404,台東市開封街350號,臺東縣臺東市新生里6鄰開封街350號,121.146016,22.763821
1405,台東市五權街1號,臺東縣臺東市文化里8鄰五權街12號,121.149852,22.757808
1406,台東市更生路1000號,臺東縣臺東市南榮里3鄰更生路1000號,121.132431,22.772345
1407,台東縣關山鎮和平路125之5號,臺東縣關山鎮豐泉里11鄰和平路125之5號,121.166679,23.057220
1408,台東市寶桑路162號,臺東縣臺東市建國里7鄰寶桑路162號,121.155764,22.755375
1409,台東市開封街449號,臺東縣臺東市民生里26鄰開封街449號,121.143212,22.763268
1410,台東市光明路66之3號,臺東縣臺東市中正里19鄰光明路66之3號,121.153355,22.756967
1411,台東市復興路188號,臺東縣臺東市中山里8鄰復興路188號,121.150285,22.752649
1412,台東縣太麻里外環路80號,臺東縣太麻里鄉泰和村6鄰外環路80號,121.006506,22.611528
1413,台東縣鹿野鄉中正路9號,臺東縣鹿野鄉鹿野村11鄰中正路9號,121.136266,22.912559
1414,嘉義市民族路806、808號,嘉義市西區永和里9鄰民族路961號,120.436880,23.474640
1415,嘉義市上海路167號,嘉義市西區車店里19鄰上海路167號,120.432570,23.466480
1416,嘉義市東區興業東路317號,嘉義市東區興南里2鄰興業東路317號,120.456574,23.469663
1417,嘉義市志昇街71號,嘉義市西區翠岱里2鄰志昇街71號,120.443353,23.469083
1418,嘉義市西區友忠路935-1號,嘉義市西區新厝里6鄰友忠路935之1號,120.442734,23.489429
1419,嘉義市東區博東路303號,嘉義市東區太平里6鄰博東路303號,120.457187,23.490421
1420,嘉義市西區興業西路124號,嘉義市西區翠岱里5鄰興業西路124號,120.442760,23.468430
1421,嘉義市東區芳安路103號,嘉義市東區芳草里3鄰芳安路103號,120.463040,23.468430
1422,嘉義市東區立仁路331號,嘉義市東區安寮里16鄰立仁路331號,120.456954,23.462370
1423,嘉義市民權路120-6號,嘉義市東區太平里23鄰民權路120之6號,120.457532,23.483554
1424,嘉義西區市新民路703號2F,新北市泰山區新明里6鄰新民路42號,121.427282,25.044232
1425,嘉義市忠義街174號,嘉義市西區國華里6鄰忠義街174號,120.447100,23.482450
1426,嘉義市文化路461號,嘉義市西區湖邊里6鄰文化路461號,120.445614,23.490286
1427,嘉義市興業西路149號,嘉義市西區自強里1鄰興業西路149號,120.442730,23.468090
1428,嘉義縣民雄鄉中樂路75號,嘉義縣民雄鄉中樂村15鄰中樂路75號,120.429766,23.556097
1429,嘉義縣義竹鄉仁里村377號,嘉義縣義竹鄉仁里村6鄰義竹377號,120.241232,23.336068
1430,嘉義縣朴子市八德路47號,嘉義縣朴子市竹圍里8鄰八德路47號,120.240731,23.462933
1431,嘉義縣布袋鎮太平路102號,嘉義縣布袋鎮興中里14鄰太平路102號,120.162631,23.378409
1432,嘉義縣民雄鄉安和路55號,嘉義縣民雄鄉西安村26鄰安和路55號,120.426182,23.555235
1433,嘉義縣六腳鄉蒜南村五鄰400號,嘉義縣六腳鄉蒜南村5鄰蒜頭400號,120.291113,23.490397
1434,嘉義縣大埔鄉大埔路自強巷22號,嘉義縣大埔鄉大埔村15鄰大埔路201號之2,120.587457,23.297198
1435,嘉義縣朴子市大同路262-1號,嘉義縣朴子市竹圍里18鄰大同路262之1號,120.239912,23.461537
1436,嘉義縣朴子市開元路382號,嘉義縣朴子市博厚里10鄰開元路382號,120.239706,23.465351
1437,嘉義縣朴子市大同路149號,嘉義縣朴子市竹圍里4鄰大同路149號,120.242997,23.461151
1438,基隆市安樂區安樂路二段96號,基隆市安樂區七賢里5鄰安樂路二段96號,121.725472,25.122836
1439,基隆市中山區西定路117號,基隆市中山區西華里13鄰西定路117號,121.734615,25.134183
1440,基隆市中正區義一路15號,基隆市中正區港通里16鄰義一路15號,121.745146,25.132482
1441,基隆市安樂區麥金路451號1樓,基隆市安樂區三民里28鄰麥金路451號,121.719036,25.126992
1442,基隆市信義區信二路268號,基隆市信義區仁壽里18鄰信二路268號,121.748322,25.130455
1443,基隆市安樂區麥金路222號,基隆市安樂區鶯歌里1鄰麥金路222號,121.722368,25.120882
1444,基隆市中正區義二路142號,基隆市中正區正義里4鄰義二路142號,121.747039,25.133365
1445,基隆市義一路90號,基隆市中正區港通里3鄰義一路90號,121.746436,25.133832
1446,基隆市七堵區明德一路61號,基隆市七堵區正光里2鄰明德一路61號,121.716571,25.098585
1447,基隆市仁愛區南榮路29號,基隆市仁愛區福仁里2鄰南榮路29號,121.742486,25.126797
1448,基隆市愛六路18號,基隆市仁愛區和明里1鄰愛六路18號,121.747508,25.127877
1449,基隆市孝二路81號2樓,基隆市仁愛區新店里3鄰孝二路81號,121.740289,25.130172
1450,基隆市信義區仁一路25號1樓,基隆市信義區智慧里1鄰仁一路25號,121.755196,25.127794
1451,基隆市東信路156-1號,基隆市信義區東光里11鄰東信路156之1號,121.765223,25.127939
1452,基隆市七堵區崇智街10號,基隆市七堵區永平里1鄰崇智街10號,121.714197,25.098282
1453,基隆市仁愛區愛一路26號2樓,基隆市仁愛區仁德里11鄰愛一路26號,121.741417,25.129117
1454,基隆市七堵區光明路19號,基隆市七堵區正光里17鄰光明路19號,121.716708,25.098084
1455,基隆市仁愛區孝二路10號,基隆市仁愛區同風里13鄰孝二路10號,121.739221,25.128066
1456,台中市后里區民生路61號,臺中市后里區墩東里21鄰民生路61號,120.716800,24.308315
1457,台中市中區三民路二段133號1F,臺中市中區大墩里20鄰三民路二段133號,120.679965,24.143084
1458,台中市北屯區軍功路一段607號,臺中市北屯區軍功里20鄰軍功路一段607號,120.718727,24.174838
1459,台中市太平區育賢路141號,臺中市太平區新坪里22鄰育賢路141號,120.720996,24.157868
1460,台中市南區建成路1163號,臺中市南區國光里15鄰建成路1163號,120.681698,24.127853
1461,台中市潭子區中山路一段179號,臺中市潭子區頭家里1鄰中山路一段179號,120.702330,24.195274
1462,台中市沙鹿區沙田路48-5號,臺中市沙鹿區興仁里3鄰沙田路48號之5,120.559071,24.231100
1463,台中市西區中美街280號,臺中市西區中興里23鄰中美街280號,120.660326,24.149470
1464,台中市太平區太平路467號,臺中市太平區太平里17鄰太平路467號,120.715087,24.124741
1465,台中市神岡區中山路17號1樓,臺中市神岡區岸裡里3鄰中山路17號,120.698708,24.248674
1466,台中市烏日區中山路一段363號,臺中市烏日區仁德里7鄰中山路一段363號,120.639382,24.107982
1467,台中市大里區東榮路655號,臺中市大里區永隆里22鄰東榮路655號,120.675510,24.109256
1468,台中市太平區樹德路235號,臺中市太平區新興里1鄰樹德路235號,120.712293,24.156880
1469,台中市神岡區豐洲路367號,臺中市神岡區豐洲里21鄰豐洲路367號,120.705805,24.260999
1470,台中市太平區樹孝路39-10號,臺中市太平區新城里5鄰樹孝路39之10號,120.716238,24.150342
1471,台中市大里區立中街89號,臺中市大里區立德里23鄰立中街89號,120.697100,24.102862
1472,台中市太平區中興路48號,臺中市太平區中興里11鄰中興路48號,120.717066,24.128326
1473,台中市大里區大里路39-12號,臺中市大里區長榮里26鄰大里路39之12號,120.688112,24.105951
1474,台中市南區學府路96號,臺中市南區德義里22鄰學府路96號,120.674927,24.127575
1475,台中市潭子區頭張路一段43號,臺中市潭子區家福里5鄰頭張路一段43號,120.700809,24.194288
1476,台中市霧峰區光明街66號,臺中市霧峰區本鄉里5鄰光明街66號,120.700993,24.066980
1477,台中市大里區永大街20號,臺中市大里區新里里11鄰永大街20號,120.679959,24.105284
1478,台中市太平區中山路三段20號,臺中市太平區新吉里1鄰中山路三段20號,120.721512,24.149336
1479,臺中市霧峰區中正路1171-2號1、2樓,臺中市霧峰區甲寅里19鄰中正路1171之2號,120.699326,24.070896
1480,台中市西屯區永福路37號,臺中市西屯區福雅里7鄰永福路37號,120.619682,24.182675
1481,台中市太平區宜昌路562號,臺中市太平區宜昌里13鄰宜昌路562號,120.715771,24.147746
1482,台中市太平區中興東路218-1號,臺中市太平區成功里7鄰中興東路218之1號,120.723467,24.131969
1483,台中市西區大隆路32號,臺中市西區忠誠里29鄰大隆路32號,120.654784,24.155459
1484,台中市大里區中興路一段167-13號,臺中市大里區東湖里30鄰中興路一段167之13號,120.695238,24.088574
1485,台中市南屯區大隆路115號1F,臺中市南屯區大業里2鄰大隆路115號,120.651317,24.156983
1486,台中市烏日區仁德里信義街155號,臺中市烏日區仁德里13鄰信義街155號,120.639202,24.104631
1487,台中市烏日區溪南路一段640號,臺中市烏日區溪埧里5鄰溪南路一段640號,120.643055,24.076429
1488,台中市大里區德芳南一街30號,臺中市大里區國光里16鄰德芳南一街30號,120.687133,24.101016
1489,台中市大肚區沙田路一段452-2號,臺中市大肚區福山里14鄰沙田路一段452之2號,120.564672,24.123477
1490,台中市大里區中興路二段359號,臺中市大里區西榮里22鄰中興路二段359號,120.689728,24.111194
1491,台中市太平區育賢路263號,臺中市太平區新高里22鄰育賢路263號,120.716719,24.158788
1492,台中市太平區樹德路98-11號,臺中市太平區新高里10鄰樹德路98之11號,120.711826,24.153835
1493,台中市烏日區信義街86號,臺中市烏日區仁德里1鄰信義街86號,120.640696,24.105647
1494,台中市清水區北寧街78-1號,臺中市清水區北寧里12鄰北寧街78之1號,120.577258,24.272157
1495,台中市大雅區學府路467巷8號1樓,臺中市大雅區上雅里17鄰學府路467巷8號,120.646989,24.228860
1496,台中市沙鹿區鎮南路二段227號,臺中市沙鹿區福興里12鄰鎮南路二段227號,120.568573,24.223047
1497,台中市北屯區松竹五路二段29號,臺中市北屯區水景里1鄰松竹五路二段29號,120.711493,24.175291
1498,台中市大雅區上楓里民權街130號,臺中市大雅區上楓里26鄰民權街130號,120.669453,24.235700
1499,台中市石岡區石岡街1號,臺中市石岡區萬安里9鄰石岡街1號,120.778031,24.275779
1500,台中市西屯區光明路52-49號,臺中市西屯區西安里20鄰光明路52之49號,120.638699,24.177928
1501,台中市豐原區圓環東路393號1樓,臺中市豐原區南陽里13鄰圓環東路393號,120.725286,24.245944
1502,台中市太平區中山路二段533號,臺中市太平區中山里12鄰中山路二段533號,120.725084,24.149605
1503,台中市豐原區圓環北路2段161號,臺中市豐原區北湳里12鄰圓環北路二段161號,120.723568,24.260812
1504,台中市大甲區光明路140號,臺中市大甲區順天里13鄰光明路140號,120.621429,24.344377
1505,台中市后里區甲后路579號,臺中市后里區厚里里2鄰甲后路一段579號,120.719252,24.309287
1506,台中市北屯區昌平路二段33號,臺中市北屯區仁美里14鄰昌平路二段33號,120.684578,24.190553
1507,台中市沙鹿區四平街66號,臺中市沙鹿區興仁里14鄰四平街66號,120.560463,24.234539
1508,台中市大里區仁化路407號,臺中市大里區仁德里11鄰仁化路407號,120.703245,24.095986
1509,台中市豐原區中山路343號,臺中市豐原區西勢里3鄰中山路343號,120.715031,24.248943
1510,台中市太平區中興路47號,臺中市太平區中政里4鄰中興路47號,120.716958,24.127979
1511,台中市豐原區安康路100號,臺中市豐原區南陽里10鄰安康路100號,120.725292,24.242706
1512,台中市沙鹿區沙田路117號,臺中市沙鹿區興安里19鄰沙田路117號,120.558859,24.235393
1513,台中市梧棲區臺灣大道八段699號,臺中市梧棲區大庄里7鄰臺灣大道八段699號,120.542506,24.247285
1514,台中市潭子區豐興路一段88號,臺中市潭子區聚興里4鄰豐興路一段88號,120.721945,24.195685
1515,台中市豐原區中山路435號,臺中市豐原區豐西里4鄰中山路435號,120.714258,24.251477
1516,台中市豐原區中山路552號1樓,臺中市豐原區豐西里10鄰中山路552號,120.714259,24.252662
1517,台中市東勢區延平里豐勢路237號1樓,臺中市東勢區延平里10鄰豐勢路237號,120.829862,24.252234
1518,台中市清水區中山路433號 1樓,臺中市清水區北寧里5鄰中山路433號,120.577043,24.273568
1519,台中市沙鹿區中山路477-5號,臺中市沙鹿區鹿寮里30鄰中山路477號之5,120.561820,24.244807
1520,台中市沙鹿區中正街42號,臺中市沙鹿區沙鹿里10鄰中正街42號,120.559869,24.236336
1521,台中市潭子區中山路二段68號,臺中市潭子區福仁里17鄰中山路二段68號,120.704188,24.202836
1522,台中市潭子區中山路二段383之8號,臺中市潭子區潭陽里23鄰中山路二段383號,120.705105,24.213004
1523,台中市大雅區學府路76巷1號,臺中市大雅區四德里21鄰學府路76巷1號,120.650966,24.218219
1524,台中市霧峰區四德路318、320號1樓,臺中市霧峰區四德里11鄰四德路667號,120.661068,24.056004
1525,台中市太平區樹孝路363號,臺中市太平區新城里21鄰樹孝路363號,120.719359,24.155560
1526,台中市太平區光興路1018號1樓,臺中市太平區光隆里2鄰光興路1018號,120.730549,24.111093
1527,台中市太平區中山路二段319號1樓,臺中市太平區中山里4鄰中山路二段319號,120.730563,24.150191
1528,台中市大里區益民路二段355-1號,臺中市大里區東興里6鄰益民路二段355之1號,120.683656,24.114225
1529,台中市大里區中興路一段308之14號,臺中市大里區金城里23鄰中興路一段308之14號,120.694118,24.089798
1530,台中市大里區中興路一段167-7號,臺中市大里區東湖里30鄰中興路一段167之7號,120.695463,24.088345
1531,台中市大里區國光路二段688號1樓,臺中市大里區東興里14鄰國光路二段688號,120.679357,24.114087
1532,台中市大里區塗城路559號1樓,臺中市大里區瑞城里14鄰塗城路559號,120.704809,24.087799
1533,台中市大里區益民路二段162號,臺中市大里區長榮里23鄰益民路二段162號,120.684202,24.108180
1534,台中市中區自由路二段88-9號1樓,臺中市中區公園里8鄰自由路二段88之9號,120.684864,24.142403
1535,台中市東區進德路92號1樓,臺中市東區富仁里4鄰進德路92號,120.692244,24.144894
1536,台中市東區十甲東路639號,臺中市東區東英里4鄰十甲東路639號,120.708727,24.143464
1537,台中市西區美村路一段637號,臺中市西區吉龍里14鄰美村路一段637號,120.661855,24.136848
1538,台中市西區忠明路111號,臺中市西區忠誠里20鄰忠明路111號,120.662413,24.161280
1539,台中市南區美村路二段297號,臺中市南區福興里17鄰美村路二段297號,120.667913,24.122506
1540,台中市南區工學北路65號,臺中市南區南和里11鄰工學北路65號,120.660946,24.118507
1541,台中市西屯區西屯路三段148-12號1、2樓,臺中市西屯區永安里13鄰西屯路三段148之12號,120.624329,24.185486
1542,台中市西屯區大墩20街183號2樓,找不到指定的門牌地址。,,
1543,台中市大墩路700號,臺中市南屯區大業里14鄰大墩路700號,120.649981,24.152443
1544,台中市南屯區五權西路二段48號,臺中市南屯區大誠里2鄰五權西路二段48號,120.653456,24.140295
1545,台中市后里區四村路128號,臺中市后里區墩東里12鄰四村路128號,120.713475,24.305841
1546,台中市神岡區昌平路五段390號,臺中市神岡區社南里12鄰昌平路五段390號,120.683501,24.244423
1547,台中市大甲區蔣公路46號,臺中市大甲區大甲里13鄰蔣公路46號,120.625375,24.344940
1548,台中市清水區中山路77號,臺中市清水區清水里19鄰中山路77號,120.572284,24.261924
1549,台中市沙鹿區大同街明光巷20號,臺中市沙鹿區沙鹿里8鄰大同街明光巷20號,120.557959,24.237307
1550,台中市沙鹿區中山路320號,臺中市沙鹿區居仁里14鄰中山路320號,120.560706,24.239629
1551,台中市潭子區中山路2段379,臺中市潭子區潭陽里23鄰中山路二段379號,120.705112,24.212924
1552,台中市潭子區勝利十二街58號,臺中市潭子區甘蔗里18鄰勝利十二街58號,120.701075,24.213467
1553,台中市大雅區民興街69號,臺中市大雅區大雅里13鄰民興街69號,120.648348,24.225645
1554,台中市烏日區中山路一段488號,臺中市烏日區九德里25鄰中山路一段488號,120.635797,24.107254
1555,台中市烏日區溪南路一段611號,臺中市烏日區溪埧里1鄰溪南路一段611號,120.643045,24.074172
1556,台中市霧峰區林森路732號,臺中市霧峰區本堂里33鄰林森路732號,120.695946,24.064384
1557,台中市太平區太平路258號1樓,臺中市太平區中平里6鄰太平路258號,120.719132,24.121905
1558,台中市大里區中興路二段105號,臺中市大里區長榮里27鄰中興路二段105號,120.688526,24.103197
1559,台中市大里區大里路1號,臺中市大里區長榮里4鄰大里路1號,120.689573,24.107838
1560,台中市大里區仁化路606號,臺中市大里區仁化里19鄰仁化路606號,120.699772,24.096460
1561,台中市大肚區沙田路2段402號,臺中市大肚區大東里2鄰沙田路二段402號,120.547219,24.145437
1562,台中市大肚區頂街里沙田路三段35號,臺中市大肚區頂街里8鄰沙田路三段35號,120.543859,24.155101
1563,台中市中區台灣大道一段570號,臺中市中區中華里23鄰臺灣大道一段570號,120.676433,24.145347
1564,台中市北屯區北屯路66號,臺中市北屯區北京里8鄰北屯路66號,120.693247,24.162737
1565,台中市西屯區福科路288號1樓,臺中市西屯區福安里11鄰福科路288號,120.623067,24.183064
1566,台中市烏日區民族街3號,臺中市烏日區烏日里42鄰民族街3號,120.626003,24.109083
1567,台中市清水區五權路64號,臺中市清水區橋頭里36鄰五權路64號,120.569391,24.276726
1568,臺中市大里區永隆路268號1樓,臺中市大里區永隆里19鄰永隆路268號,120.676733,24.109023
1569,台中市大里區中興路2段671 巷6一2號,臺中市大里區大明里6鄰中興路二段671巷6之1號,120.689134,24.116516
1570,臺中市大甲區臨江路12號,臺中市大甲區孟春里13鄰臨江路12號,120.653803,24.379636
1571,台中市太平區樹孝路91號,臺中市太平區新城里7鄰樹孝路91號,120.716989,24.151852
1572,台中市北區太原路二段98號,臺中市北區賴福里23鄰太原路二段98號,120.679931,24.164997
1573,台中市太平區東平路487號,臺中市太平區永平里20鄰東平路487號,120.719412,24.133521
1574,台中市東區台中路77號1、2樓,臺中市東區新庄里12鄰臺中路77號,120.683545,24.133754
1575,台中市烏日區中山路三段591號,臺中市烏日區榮泉里23鄰中山路三段591號,120.600404,24.110499
1576,台中市大里區塗城路802號,臺中市大里區金城里6鄰塗城路802號,120.696693,24.090655
1577,台中市沙鹿區光大路256號,臺中市沙鹿區鹿寮里40鄰光大路256號,120.565032,24.243586
1578,台中市潭子區中山路一段298-18號,臺中市潭子區頭家東里13鄰中山路一段298之18號,120.702635,24.194141
1579,台中市太平區溪洲西路19號,臺中市太平區宜佳里15鄰溪洲西路19號,120.714087,24.141317
1580,台中市西區東興路三段142號1樓,臺中市西區公正里4鄰東興路三段142號,120.653248,24.149439
1581,台中市大肚區遊園路二段257號,臺中市大肚區自強里6鄰遊園路二段257號,120.581100,24.174537
1582,台中市清水區中山路129之7號,臺中市清水區清水里9鄰中山路129之7號,120.573530,24.265039
1583,台中市東勢區豐勢路478號,臺中市東勢區東安里13鄰豐勢路478號,120.828504,24.256941
1584,臺南市新營區民生路45號,臺南市新營區民生里11鄰民生路45號,120.308742,23.306519
1585,臺南市中西區西湖里和緯路五段243號1樓,臺南市中西區西湖里29鄰和緯路五段243號,120.180825,23.004892
1586,臺南市永康區四維街2號1樓,臺南市永康區埔園里11鄰四維街2號,120.253224,23.031158
1587,台南市永康區永康街133號,臺南市永康區永康里14鄰永康街133號,120.258210,23.023544
1588,臺南市永康區忠孝路3號,臺南市永康區中華里1鄰忠孝路3號,120.239818,22.999075
1589,台南市仁德區中山路275號,臺南市仁德區仁義里14鄰中山路275號,120.260844,22.970430
1590,臺南市學甲區自強路123號,臺南市學甲區仁得里15鄰自強路123號,120.178726,23.228890
1591,台南市新市區華興街105號,臺南市新市區新和里25鄰華興街105號,120.292517,23.076792
1592,台南市中西區慶中街2號,臺南市中西區法華里15鄰慶中街2號,120.205640,22.981722
1593,台南市東區崇德路462號,臺南市東區崇德里21鄰崇德路462號,120.226708,22.974380
1594,台南市中西區健康路一段142號,臺南市中西區法華里12鄰健康路一段142號,120.208068,22.981463
1595,台南市東區龍山里崇學路195號1樓,臺南市東區龍山里20鄰崇學路195號,120.223640,22.980575
1596,台南市東區長榮路三段121號1、2樓,臺南市東區大學里12鄰長榮路三段121號,120.221647,22.994956
1597,台南市永康區六合里華二路350號1、2樓及352號1樓,臺南市永康區六合里21鄰中華二路350號,120.230682,23.008505
1598,台南市永康區中山路116號,臺南市永康區埔園里2鄰中山路116號,120.256529,23.029169
1599,台南市新化區忠孝路118號,臺南市新化區太平里17鄰忠孝路118號,120.304395,23.038004
1600,台南市東區崇明路502號,臺南市東區崇明里15鄰崇明路502號,120.223620,22.973663
1601,台南市玉井區中華路235號,臺南市玉井區玉田里21鄰中華路235號,120.465000,23.121441
1602,台南市新營區新進路47號,臺南市新營區中營里6鄰新進路47號,120.321606,23.305358
1603,台南市永康區中華二路203號,臺南市永康區中興里8鄰中華二路203號,120.237527,23.008469
1604,台南市永康區中正南路696號,臺南市永康區塩行里11鄰中正南路696號,120.235536,23.039732
1605,台南市北區公園路778號,臺南市北區大光里23鄰公園路778號,120.211164,23.011310
1606,台南市永康區中華一路140號,臺南市永康區中興里16鄰中華一路140號,120.236006,23.004367
1607,台南市永康區振興路88號,臺南市永康區五王里19鄰振興路88號,120.234804,23.012084
1608,台南市永康區北興路222號,臺南市永康區北興里11鄰北興路222號,120.268728,23.014006
1609,台南市新營區民治路348號,臺南市新營區新南里20鄰民治路348號,120.303189,23.305847
1610,台南市永康區龍埔街472號,臺南市永康區埔園里29鄰龍埔街472號,120.256854,23.035024
1611,台南市永康區永明街61號,臺南市永康區永康里11鄰永明街61號,120.259810,23.025511
1612,台南市北區北安路一段178號,臺南市北區成功里6鄰北安路一段178號,120.208726,23.017869
1613,台南市新營區新進路258-2號1樓,臺南市新營區興業里1鄰新進路258之2號,120.317168,23.301940
1614,台南市仁德區正義三街65號,臺南市仁德區一甲里7鄰正義三街65號,120.254768,22.974229
1615,台南市永康區中正南路809號,臺南市永康區塩洲里8鄰中正南路809號,120.236196,23.040697
1616,台南市永康區永大路二段257號,臺南市永康區西灣里10鄰永大路二段257號,120.262095,23.008873
1617,台南市麻豆區中正路18號,臺南市麻豆區巷口里1鄰中正路18號,120.248689,23.184101
1618,台南市中西區金華路四段18號,臺南市中西區藥王里6鄰金華路四段18號,120.194250,22.996666
1619,台南市佳里區新生路43號,臺南市佳里區忠仁里9鄰新生路43號,120.180438,23.161107
1620,台南市永康區中華路901號,臺南市永康區甲頂里9鄰中華路901號,120.221897,23.020606
1621,台南市永康區復興路427號,臺南市永康區復興里1鄰復興路427號,120.240316,22.997218
1622,台南市新營區信義街73號,臺南市新營區民權里14鄰信義街73號,120.313203,23.309153
1623,台南市北區文賢路234號,臺南市北區文成里7鄰文賢路234號,120.193837,23.004152
1624,台南市永康區富強路一段157號,臺南市永康區西勢里21鄰富強路一段157號,120.273833,23.017196
1625,台南市北區開元路343號,臺南市北區開元里3鄰開元路343號,120.222137,23.008610
1626,台南市麻豆區小埤里苓子林20號,臺南市麻豆區埤頭里11鄰苓子林18之31號,120.230334,23.177388
1627,台南市新營區中正路110之8號,臺南市新營區王公里7鄰中正路110號之8,120.316627,23.315515
1628,台南市鹽水區武廟路22號,臺南市鹽水區津城里9鄰武廟路22號,120.265860,23.321366
1629,台南市佳里區延平路364號,臺南市佳里區東寧里5鄰延平路364號,120.178421,23.162423
1630,台南市永康區新中街301號,臺南市永康區塩行里29鄰新中街301號,120.243685,23.040181
1631,台南市南區金華路二段273號,臺南市南區文南里1鄰金華路二段273號,120.191509,22.983975
1632,台南市中西區金華路三段12號,臺南市中西區南廠里16鄰金華路三段12號,120.192261,22.988571
1633,台南市安平區府前路二段618號,臺南市安平區建平里7鄰府前路二段618號,120.184184,22.993369
1634,台南市安平區華平路473號,臺南市安平區華平里12鄰華平路473號,120.175141,22.992626
1635,台南市善化區光復路10號,臺南市善化區文昌里7鄰光復路10號,120.293603,23.129076
1636,台南市永康區復國一路168號,臺南市永康區復國里7鄰復國一路168號,120.246213,23.005765
1637,台南市永康區中華路396號,臺南市永康區五王里2鄰中華路396號,120.233408,23.009660
1638,台南市永康區永大路二段295號,臺南市永康區西灣里13鄰永大路二段295號,120.262549,23.009841
1639,台南市永康區永大路二段173-1號,臺南市永康區崑山里38鄰永大路二段173之1號,120.261587,23.006504
1640,台南市新市區忠孝街158號,臺南市新市區新和里20鄰忠孝街158號,120.294607,23.074722
1641,台南市永康區中山南路27號,臺南市永康區西橋里1鄰中山南路27號,120.226635,23.011797
1642,臺南市麻豆區興中路184－1號,臺南市麻豆區東角里3鄰興中路184號之1,120.254191,23.183579
1643,高雄市大寮區鳳林三路219號,高雄市大寮區會社里2鄰鳳林三路219號,120.399804,22.599560
1644,高雄市岡山區岡山路98號,高雄市岡山區岡山里2鄰岡山路98號,120.296740,22.788208
1645,高雄市苓雅區青年一路117號1樓,高雄市苓雅區晴朗里12鄰青年一路117號,120.310190,22.622468
1646,高雄市三民區明福街19號,高雄市三民區鼎泰里40鄰明福街19號,120.312820,22.661970
1647,高雄市湖內區中山路二段212號之2,高雄市湖內區太爺里2鄰中山路二段212之2號,120.227520,22.909184
1648,高雄市岡山區岡山路171號,高雄市岡山區平安里12鄰岡山路171號,120.295981,22.791115
1649,高雄市林園區王公路37號,高雄市林園區王公里10鄰王公路37號,120.393485,22.512896
1650,高雄市前鎮區瑞隆路523號,高雄市前鎮區瑞東里2鄰瑞隆路523號,120.327680,22.605127
1651,高雄市鳳山區維新路122號,高雄市鳳山區新興里4鄰維新路122號,120.361157,22.624509
1652,高雄市岡山區民有路33號,高雄市岡山區後紅里6鄰民有路33號,120.297940,22.792023
1653,高雄市鳳山區八德路二段222號,高雄市鳳山區文德里8鄰八德路二段222號,120.352925,22.645738
1654,高雄市大樹區中正一路375號,高雄市大樹區檨腳里34鄰中正一路375號,120.434335,22.693277
1655,高雄市苓雅區和平一路96號,高雄市苓雅區林德里18鄰和平一路96號,120.321162,22.622536
1656,高雄市鳳山區五甲三路82號,高雄市鳳山區福祥里4鄰五甲三路82號,120.326629,22.592375
1657,高雄市仁武區八德南路466號,高雄市仁武區大灣里1鄰八德南路466號,120.340525,22.677750
1658,高雄市岡山區前峰路39之8號,高雄市岡山區仁壽里3鄰前峰路39之8號,120.288326,22.794853
1659,高雄市岡山區大德一路90號,高雄市岡山區碧紅里6鄰大德一路90號,120.302109,22.796831
1660,高雄市楠梓區三山街14號1樓,高雄市楠梓區福昌里1鄰三山街14號,120.288531,22.711293
1661,高雄市三民區大豐二路456號1樓,高雄市三民區寶玉里2鄰大豐二路456號,120.335087,22.648508
1662,高雄市左營區立信路85號,高雄市左營區新上里26鄰立信路85號,120.306620,22.666260
1663,高雄市鳳山區誠義路165號,高雄市鳳山區誠義里6鄰誠義路165號,120.360305,22.610064
1664,高雄市三民區大順二路60號1樓,高雄市三民區寶安里8鄰大順二路60號,120.327726,22.640716
1665,高雄市仁武區中正路56號,高雄市仁武區仁武里5鄰中正路56號,120.346932,22.701191
1666,高雄市鳳山區青年路2段146-5號,高雄市鳳山區文福里8鄰青年路二段146之5號,120.350403,22.635206
1667,高雄市仁武區中華路142號,高雄市仁武區文武里17鄰中華路142號,120.349684,22.699347
1668,高雄市三民區陽明路136號1樓,高雄市三民區寶業里8鄰陽明路136號,120.341846,22.640651
1669,高雄市新興區復興二路193號,高雄市新興區永寧里2鄰復興二路193號,120.307909,22.625978
1670,高雄市鳳山區文聖街97號,高雄市鳳山區忠孝里1鄰文聖街97號,120.352463,22.629311
1671,高雄市林園區林園北路308號,高雄市林園區林園里17鄰林園北路308號,120.394870,22.510639
1672,高雄市鼓山區中華一路812號1樓,高雄市鼓山區龍水里4鄰中華一路812號,120.292124,22.660857
1673,高雄市鳳山區光復路一段109.111號,高雄市鳳山區忠義里15鄰光復路一段193號,120.349378,22.629141
1674,高雄市大寮區鳳林三路506號,高雄市大寮區永芳里32鄰鳳林三路506號,120.395435,22.606083
1675,高雄市橋頭區南溝路180號,高雄市橋頭區仕和里13鄰南溝路180號,120.307028,22.751493
1676,高雄市楠梓區楠陽路136號,高雄市楠梓區中陽里1鄰楠陽路136號,120.328988,22.723620
1677,高雄市旗山區大同街21號,高雄市旗山區大德里13鄰大同街21號,120.484191,22.883582
1678,高雄市岡山區岡山路5號,高雄市岡山區仁義里4鄰岡山路5號,120.296514,22.786211
1679,高雄市岡山區民有路15號,高雄市岡山區後紅里2鄰民有路15號,120.298593,22.792075
1680,高雄市岡山區公園西路三段106號,高雄市岡山區前峰里14鄰公園西路三段106號,120.284334,22.793707
1681,高雄市岡山區中山南路462號,高雄市岡山區後紅里9鄰中山南路462號,120.299558,22.790595
1682,高雄市燕巢區中民路626號,高雄市燕巢區西燕里22鄰中民路626號,120.361244,22.793443
1683,高雄市路竹區中山路1175號,高雄市路竹區竹南里11鄰中山路1175號,120.261455,22.854825
1684,高雄市大寮區鳳林三路777號,高雄市大寮區山頂里6鄰鳳林三路777號,120.391115,22.611979
1685,高雄市鳳山區經武路 42 、42-1號,高雄市鳳山區鎮北里10鄰經武路380號,120.364390,22.640988
1686,高雄市鳥松區大埤路123號,高雄市鳥松區鳥松里41鄰大埤路123號,120.356029,22.649847
1687,高雄市鳳山區新富路389號,高雄市鳳山區國光里27鄰新富路389號,120.348466,22.616326
1688,高雄市岡山區大仁北路372號1樓,高雄市岡山區碧紅里8鄰大仁北路372號,120.302440,22.794862
1689,高雄市旗山區民權三街19號1樓,高雄市旗山區瑞吉里2鄰民權三街19號,120.484337,22.891846
1690,高雄市鼓山區美術北三路235號,高雄市鼓山區龍水里5鄰美術北三路235號,120.286443,22.663755
1691,高雄市鼓山區明華路247號,高雄市鼓山區明誠里42鄰明華路247號,120.297922,22.663349
1692,高雄市左營區翠峰路64號,高雄市左營區海勝里6鄰翠峰路64號,120.288325,22.672792
1693,高雄市左營區華夏路310號,高雄市左營區新下里16鄰華夏路310號,120.297650,22.671468
1694,高雄市前鎮區民權二路180號2樓,高雄市前鎮區民權里1鄰民權二路180號,120.311554,22.607129
1695,高雄市鳳山區福興里自強一路41號,高雄市鳳山區福興里4鄰自強一路41號,120.329882,22.589070
1696,高雄市岡山區岡山路197號,高雄市岡山區平安里12鄰岡山路197號,120.295900,22.791609
1697,高雄市苓雅區同慶路96號,高雄市苓雅區同慶里3鄰同慶路96號,120.320207,22.627385
1698,高雄市旗山區延平一路145號,高雄市旗山區永和里4鄰延平一路145號,120.483723,22.897452
1699,高雄市左營區軍校路553號,高雄市左營區合群里30鄰軍校路553號,120.292231,22.700351
1700,高雄市苓雅區和平一路144巷33之3號,高雄市苓雅區凱旋里4鄰和平一路144巷33之3號,120.320342,22.628041
1701,高雄市大寮區大寮路889號,高雄市大寮區大寮里41鄰大寮路889號,120.419173,22.591014
1702,宜蘭市中山路二段303號之1,宜蘭縣宜蘭市神農里17鄰中山路二段303之1號,121.752352,24.753641
1703,宜蘭縣羅東鎮興東南路1號,宜蘭縣羅東鎮南豪里10鄰興東南路1號,121.771818,24.668593
1704,宜蘭縣員山鄉尚深路91號,宜蘭縣員山鄉深溝村3鄰尚深路91號,121.721579,24.721464
1705,宜蘭市文昌路147-1號,宜蘭縣宜蘭市南門里11鄰文昌路147之1號,121.748714,24.758198
1706,宜蘭縣羅東鎮天津路60號,宜蘭縣羅東鎮公正里3鄰天津路60號,121.770280,24.680541
1707,宜蘭市民族路338號,宜蘭縣宜蘭市文化里15鄰民族路338號,121.745492,24.751013
1708,宜蘭縣羅東鎮倉前路36號,宜蘭縣羅東鎮信義里5鄰倉前路36號,121.772858,24.674465
1709,宜蘭市宜興路1段89號,宜蘭縣宜蘭市神農里13鄰宜興路一段89號,121.755841,24.750837
1710,宜蘭市光復路88號,宜蘭縣宜蘭市新民里10鄰光復路88號,121.753947,24.755626
1711,宜蘭市中山路三段286號1樓,宜蘭縣宜蘭市孝廉里6鄰中山路三段286號,121.754078,24.762353
1712,宜蘭市林森路1號,宜蘭縣宜蘭市新東里13鄰林森路1號,121.757690,24.750370
1713,宜蘭縣羅東鎮中山路4段262號,宜蘭縣羅東鎮北成里8鄰中山路四段262號,121.758398,24.673168
1714,宜蘭縣羅東鎮公正路115號,宜蘭縣羅東鎮集祥里10鄰公正路115號,121.770494,24.678346
1715,宜蘭縣蘇澳鎮中山路113號,宜蘭縣蘇澳鎮蘇西里2鄰中山路一段113號,121.849613,24.595907
1716,宜蘭縣頭城鎮纘祥路67-3號,宜蘭縣頭城鎮城北里1鄰纘祥路42號,121.822543,24.857603
1717,屏東市公園路19號,屏東縣屏東市公園里8鄰公園路19號,120.493026,22.673479
1718,屏東縣內埔鄉內田村學人路729號,屏東縣內埔鄉內田村15鄰學人路729號,120.564259,22.608052
1719,屏東縣潮州鎮盧山路65號,屏東縣潮州鎮永春里8鄰盧山路65號,120.540210,22.545873
1720,屏東縣東港鎮光復路一段268號,屏東縣東港鎮新街里24鄰光復路一段268號,120.456224,22.469830
1721,屏東市廣東路173之1號,屏東縣屏東市豐榮里13鄰廣東路173之1號,120.500145,22.675122
1722,屏東市大武路196號,屏東縣屏東市大武里44鄰大武路196號,120.474545,22.658252
1723,屏東市華盛街9之1號,屏東縣屏東市崇武里2鄰華盛街9之1號,120.478741,22.662126
1724,屏東市廣東路1382之2號,屏東縣屏東市崇蘭里35鄰廣東路1382之2號,120.478520,22.686568
1725,屏東縣潮州鎮府洋北街90號,屏東縣潮州鎮蓬萊里4鄰府洋北街90號,120.534896,22.555510
1726,屏東縣東港鎮中正路一段341號,屏東縣東港鎮新街里21鄰中正路一段341號,120.459417,22.474927
1727,屏東市廣東路43之3號,屏東縣屏東市橋北里7鄰廣東路43之3號,120.498648,22.670404
1728,屏東縣南州鄉人和路52號,屏東縣南州鄉仁里村11鄰人和路52號,120.509664,22.489122
1729,屏東市興豐路82號,屏東縣屏東市大連里24鄰興豐路82號,120.509127,22.680679
1730,屏東市民族路275之5號,屏東縣屏東市大埔里4鄰民族路275之5號,120.482449,22.670672
1731,屏東縣潮州鎮新生路18號,屏東縣潮州鎮新榮里15鄰新生路18號,120.537820,22.547312
1732,屏東市民族路174之1號,屏東縣屏東市光榮里3鄰民族路174之1號,120.482939,22.670863
1733,屏東縣潮州鎮曲江街62號,屏東縣潮州鎮三共里6鄰曲江街62號,120.545670,22.556322
1734,屏東市廣東南路260號,屏東縣屏東市橋南里13鄰廣東南路260號,120.497253,22.666432
1735,屏東縣萬丹鄉萬壽路二段269號,屏東縣萬丹鄉萬後村6鄰萬壽路二段269號,120.487767,22.586933
1736,屏東市建南路134號,屏東縣屏東市大武里32鄰建南路134號,120.480597,22.658756
1737,屏東市自由路420之6號,屏東縣屏東市仁愛里14鄰自由路420之6號,120.493392,22.682221
1738,屏東縣崁頂鄉中正路154號1樓,屏東縣崁頂鄉崁頂村5鄰中正路154號,120.511915,22.513289
1739,屏東市大同北路116號,屏東縣屏東市潭墘里15鄰大同北路116號,120.474954,22.681933
1740,屏東縣內埔鄉昭勝路安平1巷1號,屏東縣內埔鄉龍潭村12鄰昭勝路287巷1號,120.600606,22.675104
1741,屏東市大連路60號,屏東縣屏東市華山里10鄰大連路60號,120.502588,22.682041
1742,屏東市忠孝路155之6號2樓,屏東縣屏東市大同里19鄰忠孝路155之6號,120.487320,22.676407
1743,屏東市自由路379號,屏東縣屏東市溝美里16鄰自由路379號,120.495566,22.680458
1744,屏東縣潮州鎮文化路136號,屏東縣潮州鎮三共里11鄰文化路136號,120.543572,22.557100
1745,屏東縣潮州鎮五福路18之7號,屏東縣潮州鎮永春里27鄰五福路18之7號,120.535900,22.545362
1746,屏東縣東港鎮中正路一段332號,屏東縣東港鎮新街里20鄰中正路一段332號,120.460815,22.475749
1747,屏東縣東港鎮明德一路371號,屏東縣東港鎮新街里7鄰明德一路371號,120.461286,22.472850
1748,屏東縣里港鄉永春村路42號,屏東縣里港鄉永春村3鄰永春路42號,120.495110,22.777270
1749,屏東縣枋寮鄉中山路246之5號,屏東縣枋寮鄉枋寮村19鄰中山路246之5號,120.593529,22.368396
1750,屏東縣佳冬鄉石光村中山路150號,屏東縣佳冬鄉石光村2鄰中山路151之1號,120.562178,22.433077
1751,屏東縣琉球鄉三民路201號,屏東縣琉球鄉中福村10鄰三民路201號,120.384546,22.350840
1752,彰化市仁愛路110號,彰化縣彰化市彰安里23鄰仁愛路110號,120.537287,24.069866
1753,彰化市中民街70號,彰化縣彰化市文化里8鄰中民街70號,120.546987,24.084540
1754,彰化縣員林市中山南路36號,彰化縣員林市惠來里6鄰中山南路36號,120.570874,23.955431
1755,鹿港鎮中山路305號,彰化縣鹿港鎮中興里1鄰中山路305號,120.433193,24.056954
1756,彰化市崙平南路145號,彰化縣彰化市向陽里13鄰崙平南路145號,120.525420,24.063288
1757,和美鎮仁安路13號,彰化縣和美鎮山犁里1鄰仁安路13號,120.500916,24.107285
1758,彰化縣溪湖鎮彰水路4段96號,彰化縣溪湖鎮東寮里15鄰彰水路四段96號,120.480131,23.967699
1759,彰化市彰美路一段143號,彰化縣彰化市忠孝里8鄰彰美路一段143號,120.538597,24.088028
1760,員林市中正路96號,彰化縣員林市民生里12鄰中正路96號,120.575916,23.951491
1761,花壇鄉中正路78號,彰化縣花壇鄉長沙村22鄰中正路78號,120.545117,24.027471
1762,彰化縣彰化市自強南路48號,彰化縣彰化市五權里1鄰自強南路48號,120.536010,24.088287
1763,彰化市天祥路247號,彰化縣彰化市南興里17鄰天祥路247號,120.533466,24.063101
1764,和美鎮山犁里鹿和路6段371號,彰化縣和美鎮山犁里3鄰鹿和路六段362號,120.495301,24.108899
1765,員林市新義街326號,彰化縣員林市南平里28鄰新義街326號,120.567756,23.963467
1766,彰化市東民街67號,彰化縣彰化市東興里19鄰東民街67號,120.545502,24.076338
1767,彰化縣溪湖鎮中興路113號,彰化縣溪湖鎮汴頭里18鄰中興路113號,120.471906,23.955044
1768,北斗鎮中華路260號,彰化縣北斗鎮新政里6鄰中華路260號,120.522193,23.873155
1769,員林市中正路299號,彰化縣員林市黎明里7鄰中正路299號,120.573600,23.955741
1770,和美鎮彰美路六段40號,彰化縣和美鎮和北里10鄰彰美路六段40號,120.497812,24.113129
1771,彰化縣鹿港鎮中正路480號,彰化縣鹿港鎮永安里12鄰中正路480號,120.438211,24.060379
1772,彰化市南校街135號,彰化縣彰化市光南里15鄰南校街135號,120.544461,24.071490
1773,彰化市彰南路一段33號,彰化縣彰化市中庄里9鄰彰南路一段33號,120.566461,24.088304
1774,伸港鄉新港路78號,彰化縣伸港鄉新港村1鄰新港路78號,120.487474,24.143266
1775,彰化縣和美鎮中正路156號,彰化縣和美鎮和西里5鄰中正路156號,120.495101,24.113493
1776,彰化市中山路2段636號,彰化縣彰化市中正里18鄰中山路二段635號,120.545654,24.081389
1777,北斗鎮斗苑路一段94號,彰化縣北斗鎮居仁里11鄰斗苑路一段94號,120.526106,23.872429
1778,溪湖鎮福安路122號,彰化縣溪湖鎮太平里4鄰福安路122號,120.477700,23.961283
1779,彰化市天祥路243巷10號,彰化縣彰化市南興里17鄰天祥路243巷10號,120.533762,24.063054
1780,彰化縣秀水鄉福安村中山路529號,彰化縣秀水鄉福安村30鄰中山路529號,120.496835,24.032719
1781,彰化市辭修路182-1號,彰化縣彰化市忠孝里11鄰辭修路182之1號,120.537676,24.085239
1782,彰化市民生路219號,彰化縣彰化市光華里13鄰民生路219號,120.542652,24.079922
1783,彰化縣埤頭鄉永豐村永安街64號,彰化縣埤頭鄉永豐村1鄰永安街64號,120.459194,23.895375
1784,溪湖鎮西環路217號,彰化縣溪湖鎮湖西里1鄰西環路217號,120.477296,23.957350
1785,員林市南平街139號,彰化縣員林市南平里8鄰南平街139號,120.564755,23.965734
1786,和美鎮永樂路63號,彰化縣和美鎮和西里6鄰永樂路63號,120.495041,24.114875
1787,溪湖鎮光平里彰水路三段383號,彰化縣溪湖鎮光平里10鄰彰水路三段383號,120.479975,23.961822
1788,花壇鄉中山路2段60號,彰化縣花壇鄉長沙村20鄰中山路二段60號,120.539193,24.026869
1789,鹿港鎮中正路422號,彰化縣鹿港鎮永安里12鄰中正路422號,120.438546,24.059916
1790,線西鄉沿海路一段812-1號,彰化縣線西鄉寓埔村7鄰沿海路一段812之1號,120.462970,24.133527
1791,彰化縣伸港鄉大同村大同9街137號,彰化縣伸港鄉大同村11鄰大同一街137號,120.493365,24.151346
1792,彰化市中山路一段542號,彰化縣彰化市南瑶里13鄰中山路一段542號,120.537508,24.064786
1793,員林市莒光路359號,彰化縣員林市新生里28鄰莒光路359號,120.566404,23.959250
1794,彰化市中正路一段327號,彰化縣彰化市中正里13鄰中正路一段327號,120.545091,24.083022
1795,彰化市彰美路一段110巷103-5號,彰化縣彰化市新華里13鄰彰美路一段110巷103之5號,120.541741,24.089034
1796,員林市中正路400巷13號,彰化縣員林市中正里20鄰中正路400巷13號,120.573279,23.957659
1797,員林市正興街368號,彰化縣員林市新興里1鄰正興街368號,120.572343,23.960000
1798,二林鎮南安路30號,彰化縣二林鎮豐田里11鄰南安路30號,120.374360,23.898467
1799,二林鎮文華一街21號,彰化縣二林鎮北平里3鄰文華一街21號,120.372034,23.901959
1800,彰化縣彰化市中山路一段366號,彰化縣彰化市南興里3鄰中山路一段366號,120.535784,24.061299
1801,彰化縣埔心鄉中正路二段80號,彰化縣埔心鄉舊舘村4鄰中正路二段80號,120.527299,23.950225
1802,彰化縣員林市員集路二段501號,彰化縣員林市溝皂里10鄰員集路二段501號,120.575194,23.947735
1803,彰化縣秀水鄉彰水路二段657號,彰化縣秀水鄉福安村23鄰彰水路二段657號,120.497652,24.031942
1804,彰化縣伸港鄉忠孝路25號,彰化縣伸港鄉新港村19鄰忠孝路25號,120.485936,24.148527
1805,彰化縣鹿港鎮復興路374號,彰化縣鹿港鎮永安里28鄰復興路374號,120.437031,24.058108
1806,彰化市和調里工校街25號1樓,彰化縣彰化市和調里2鄰工校街25號,120.555924,24.083670
1807,彰化市三民路257號,彰化縣彰化市民生里2鄰三民路257號,120.543679,24.085808
1808,鹿港鎮玉順里中山路402號,彰化縣鹿港鎮玉順里11鄰中山路402號,120.431555,24.058865
1809,新北市三重區文化北路97號,新北市三重區長安里17鄰文化北路97號,121.498152,25.068128
1810,新北市板橋區裕民街56巷3號1樓,新北市板橋區仁翠里3鄰裕民街56巷3號,121.461213,25.028835
1811,新北市三重區正義北路47號,新北市三重區文化里15鄰正義北路47號,121.497496,25.063980
1812,新北市三重區三和路四段217號,新北市三重區慈愛里24鄰三和路四段217號,121.481530,25.079729
1813,新北市三重區仁愛街680號,新北市三重區慈愛里22鄰仁愛街680號,121.481800,25.080290
1814,新北市三重區忠孝路2段53號,新北市三重區培德里12鄰忠孝路二段53號,121.485326,25.070843
1815,新北市板橋區三民路二段119號,新北市板橋區長壽里6鄰三民路二段119號,121.479337,25.015713
1816,新北市土城區金城路二段6號,新北市土城區埤塘里3鄰金城路二段6號,121.448730,24.976437
1817,新北市新店區安康路三段51號1樓,新北市新店區雙城里3鄰安康路三段51號,121.492634,24.952421
1818,新北市三重區龍門路28號,新北市三重區奕壽里6鄰龍門路28號,121.495428,25.072095
1819,新北市中和區中興街202巷16-1號1樓,新北市中和區中興里13鄰中興街202巷16之1號,121.498946,24.989940
1820,新北市汐止區忠孝東路212號1樓,新北市汐止區新昌里18鄰忠孝東路212號,121.662105,25.066488
1821,新北市汐止區樟樹一路141巷1號1樓,新北市汐止區厚德里6鄰樟樹一路141巷1號,121.642208,25.066231
1822,新北市三重區溪尾街121號,新北市三重區溪美里27鄰溪尾街121號,121.489627,25.079100
1823,新北市林口區文化二路一段392號1樓,新北市林口區湖南里44鄰文化二路一段392號,121.375415,25.077451
1824,新北市新店區安康路二段175號,新北市新店區德安里15鄰安康路二段175號,121.509738,24.959197
1825,新北市汐止區新台五路2段9號,新北市汐止區新昌里17鄰新臺五路二段9號,121.662200,25.066109
1826,新北市土城區中央路一點260-2號1樓,新北市土城區日和里11鄰中央路一段260之2號,121.444016,24.984085
1827,新北市中和區景新街293號及295巷1號1樓,新北市中和區景本里2鄰景新街383巷1號,121.512530,24.990417
1828,新北市蘆洲區復興路106號,新北市蘆洲區鷺江里2鄰復興路106號,121.476003,25.087085
1829,新北市永和區仁愛路218號,新北市永和區中溪里19鄰仁愛路218號,121.508905,25.012128
1830,新北市三重區中正北路79號,新北市三重區重陽里21鄰中正北路79號,121.489936,25.063182
1831,新北市樹林區保安街一段315號,新北市樹林區潭底里3鄰保安街一段315號,121.417861,24.997993
1832,新北市板橋區三民路一段54，56號,新北市板橋區雙玉里1鄰三民路一段220號,121.479066,25.018795
1833,新北市三重區長榮路8號1樓,新北市三重區長泰里1鄰長榮路8號,121.500066,25.068579
1834,新北市板橋區懷德街131號1樓,新北市板橋區懷翠里19鄰懷德街131號,121.479174,25.030529
1835,新北市新莊區幸福路680號1樓,新北市新莊區中港里17鄰幸福路680號,121.450613,25.049288
1836,新北市板橋區文化路一段188巷17號1樓,新北市板橋區百壽里3鄰文化路一段188巷17號,121.466786,25.019241
1837,新北市永和區中山路一段202號1樓,新北市永和區保安里4鄰中山路一段202號,121.508770,25.008766
1838,新北市深坑區北深路二段184號,新北市深坑區深坑里35鄰北深路二段184號,121.614110,25.002310
1839,新北市新莊區新泰路124號1樓,新北市新莊區文聖里2鄰新泰路124號,121.448130,25.036662
1840,新北市板橋區重慶路175號,新北市板橋區福星里17鄰重慶路175號,121.462734,25.002571
1841,新北市三重區三和路四段199號,新北市三重區慈愛里1鄰三和路四段199號,121.482132,25.079377
1842,新北市新莊區新泰路288號1樓,新北市新莊區立德里15鄰新泰路288號,121.445742,25.040683
1843,新北市永和區竹林路150、152號,新北市永和區福林里23鄰竹林路243號,121.520919,25.008025
1844,新北市土城區廣興街28、30號,新北市土城區復興里29鄰廣興街79號,121.453390,24.991233
1845,新北市三重區五華街178號1樓,新北市三重區碧華里12鄰五華街178號,121.488878,25.086207
1846,新北市永和區中正路718號,新北市永和區正興里17鄰中正路718號,121.515885,25.010148
1847,新北市板橋區陽明街126號1樓,新北市板橋區陽明里4鄰陽明街126號,121.463793,25.023745
1848,新北市新莊區幸福路81號,新北市新莊區仁愛里20鄰幸福路81號,121.456729,25.049322
1849,新北市新莊區民安西路67號,新北市新莊區民安里10鄰民安西路67號,121.427383,25.020106
1850,新北市中和區景平路335號1樓,新北市中和區景福里31鄰景平路335號,121.505640,24.993234
1851,新北市林口區仁愛路2段269號2樓之1,新北市林口區南勢里31鄰仁愛路二段269號,121.373384,25.077445
1852,新北市中和區成功路105號,新北市中和區秀景里12鄰成功路105號,121.526045,24.991364
1853,新北市板橋區漢生東路335號,新北市板橋區海山里6鄰漢生東路335號,121.472094,25.008088
1854,新北市永和區中興街104、106號,新北市永和區中興里13鄰中興街151號,121.519178,25.012480
1855,新北市汐止區明峰街132號,新北市汐止區金龍里20鄰明峰街132號,121.629926,25.070913
1856,新北市汐止區康寧街487號1樓,新北市汐止區金龍里24鄰康寧街487號,121.632373,25.068518
1857,新北市板橋區四川路一段98號,新北市板橋區鄉雲里7鄰四川路一段98號,121.459680,25.004852
1858,新北市三峽區中華路51號,新北市三峽區安溪里33鄰中華路51號,121.372525,24.930727
1859,新北市立三重區力行路二段180號,新北市三重區永福里6鄰力行路二段180號,121.483169,25.077238
1860,新北市板橋區民權路258之7號1樓,新北市板橋區民安里18鄰民權路258之7號,121.457952,25.015256
1861,新北市泰山區明志路一段81號,新北市泰山區楓樹里4鄰明志路一段81號,121.433595,25.064399
1862,新北市五股區成泰路二段196號,新北市五股區五股里20鄰成泰路二段196號,121.438866,25.084907
1863,新北市中和區中正路137號,新北市中和區德行里1鄰中正路137號,121.499422,24.993445
1864,新北市板橋區北門街42-3號,新北市板橋區黃石里2鄰北門街42之3號,121.456909,25.011215
1865,新北市淡水區中山路143號,新北市淡水區永吉里7鄰中山路143號,121.440631,25.171807
1866,新北市板橋區新海路3號,新北市板橋區幸福里18鄰新海路3號,121.462554,25.020453
1867,新北市林口區三民路108號1樓,新北市林口區南勢里18鄰三民路108號,121.360468,25.070398
1868,新北市板橋區溪北路48號,新北市板橋區溪北里1鄰溪北路48號,121.427368,24.989972
1869,新北市三重區中正北路218號1樓,新北市三重區六福里17鄰中正北路218號,121.482215,25.067537
1870,新北市五股區成泰路二段182號,新北市五股區五股里19鄰成泰路二段182號,121.438629,25.084517
1871,新北市新店區中央里中央路198號,新北市新店區中央里20鄰中央路198號,121.530597,24.974523
1872,新北市土城區延和路127號,新北市土城區延壽里11鄰延和路127號,121.468744,24.990523
1873,新北市板橋區篤行路三段78號1樓,新北市板橋區溪福里29鄰篤行路三段78號,121.426542,24.985150
1874,新北市永和區竹林路173號,新北市永和區竹林里14鄰竹林路173號,121.520591,25.009948
1875,新北市板橋區中山路2段487號,新北市板橋區埔墘里22鄰中山路二段487號,121.482360,25.020883
1876,新北市永和區永貞路439號1樓,新北市永和區保安里10鄰永貞路439號,121.506730,25.009898
1877,新北市新莊區公園路18號1樓,新北市新莊區立德里10鄰公園路18號,121.448344,25.039007
1878,新北市鶯歌區光明街169號一樓171號一樓,新北市鶯歌區建國里12鄰光明街169號,121.343909,24.955704
1879,新北市樹林區中正路851號,新北市樹林區三福里27鄰中正路851號,121.408941,25.017804
1880,新北市新莊區復興路二段150號,新北市新莊區思賢里21鄰復興路二段150號,121.457739,25.044271
1881,新北市樹林區中山路一段158號,新北市樹林區樹西里7鄰中山路一段158號,121.422169,24.989528
1882,新北市樹林區中山路一段216號,新北市樹林區育英里11鄰中山路一段216號,121.421169,24.987870
1883,新北市板橋區雙十路三段43號1樓,新北市板橋區溪頭里4鄰雙十路三段43號,121.470467,25.031597
1884,新北市中和區景平路666號1樓,新北市中和區廟美里40鄰景平路666號,121.497452,25.000782
1885,新北市中和區泰和街2號,新北市中和區廟美里10鄰泰和街2號,121.499966,25.001362
1886,新北市永和區永貞路8號,新北市永和區永貞里14鄰永貞路8號,121.520796,25.007431
1887,新北市新店區北新路三段145號2樓,新北市新店區復興里1鄰北新路三段145號,121.541141,24.983252
1888,新北市永和區福和路145號3樓,新北市永和區永貞里4鄰福和路145號,121.520694,25.007656
1889,新北市新莊區幸福路672號2樓,新北市新莊區中港里17鄰幸福路672號,121.450919,25.049296
1890,新北市蘆洲區信義路297號,新北市蘆洲區鷺江里11鄰信義路297號,121.478511,25.085971
1891,新北市三重區忠孝路二段99號,新北市三重區培德里23鄰忠孝路二段99號,121.484089,25.070005
1892,新北市新店區北新路3段86號,新北市新店區寶安里24鄰北新路三段86號,121.542019,24.980774
1893,新北市新店區北宜路一段35號,新北市新店區文中里1鄰北宜路一段35號,121.538411,24.957628
1894,新北市新莊區龍安路1之1號1樓,新北市新莊區龍鳳里6鄰龍安路1之1號,121.414441,25.022932
1895,新北市新莊區中正路321號,新北市新莊區全安里22鄰中正路321號,121.447737,25.035011
1896,新北市土城區中正路一號1-2樓,新北市土城區員林里24鄰中正路1號,121.442308,24.975110
1897,新北市永和區豫溪街50號,新北市永和區豫溪里9鄰豫溪街50號,121.515863,25.009833
1898,新北市永和區竹林路4號,新北市永和區勵行里16鄰竹林路4號,121.516203,25.014844
1899,新北市中和區景新街448號,新北市中和區崇南里11鄰景新街448號,121.513262,24.987942
1900,新北市中和區中正路47號1樓,新北市中和區和興里16鄰中正路47號,121.501908,24.993340
1901,新北市板橋區華興街62號,新北市板橋區華福里7鄰華興街62號,121.457672,25.004928
1902,新北市新莊區中港路240號,新北市新莊區中美里22鄰中港路240號,121.453990,25.043209
1903,新北市新莊區化成路265號,新北市新莊區頭前里14鄰化成路265號,121.466115,25.054075
1904,新北市中和區大仁街19巷3號1樓,新北市中和區秀明里26鄰大仁街19巷3號,121.517478,24.993155
1905,新北市新莊區復興路二段41號,新北市新莊區自立里1鄰復興路二段41號,121.454586,25.044191
1906,新北市中和區新生街283號1樓,新北市中和區平河里9鄰新生街283號,121.483830,24.997644
1907,新北市三重區文化南路特8號,新北市三重區福星里6鄰文化南路8號,121.500215,25.062532
1908,新北市中和南山路166號,找不到指定的門牌地址。,,
1909,新北市板橋區中山路2段78號1樓,新北市板橋區東丘里3鄰中山路二段78號,121.474616,25.016002
1910,新北市三重區自強路二段一號,新北市三重區幸福里23鄰自強路二段1號,121.490494,25.068850
1911,新北市板橋區四維路179-1號,新北市板橋區明翠里20鄰四維路179之1號,121.464312,25.026537
1912,新北市中和區新生街142號,新北市中和區信和里35鄰新生街142號,121.483523,25.000890
1913,新北市樹林區後站街3巷14號,新北市樹林區樹西里2鄰後站街3巷14號,121.423430,24.990507
1914,新北市板橋區民生路三段83號1樓,新北市板橋區明翠里1鄰民生路三段83號,121.466809,25.024412
1915,新北市新莊區幸福路66號,新北市新莊區信義里12鄰幸福路66號,121.457187,25.049515
1916,新北市永和區中正路62號,新北市永和區智光里26鄰中正路62號,121.513467,24.994772
1917,新北市板橋區溪北路74號,新北市板橋區溪北里15鄰溪北路74號,121.428043,24.989571
1918,新北市鶯歌區國慶街114號,新北市鶯歌區南鶯里19鄰國慶街114號,121.350489,24.954018
1919,新北市板橋區國光路157號,新北市板橋區國光里19鄰國光路157號,121.459878,25.018298
1920,新北市中和區景平路452號,新北市中和區景安里10鄰景平路452號,121.506107,24.993583
1921,新北市三峽區文化路112號,新北市三峽區永舘里18鄰文化路112號,121.371283,24.936253
1922,新北市蘆洲區中正路197號1樓,新北市蘆洲區中原里10鄰中正路197號,121.468470,25.085792
1923,新北市板橋區文化路1段306號1、2樓,新北市板橋區華江里2鄰文化路一段306號,121.467628,25.021871
1924,新北市板橋區國光路17號,新北市板橋區國光里15鄰國光路17號,121.456811,25.017531
1925,新北市三重區中央南路2號,新北市三重區永興里6鄰中央南路2號,121.501318,25.063255
1926,新北市三峽區文化路46號,新北市三峽區永舘里10鄰文化路46號,121.372872,24.936207
1927,新北市三峽區民生街146巷19號,新北市三峽區永舘里12鄰民生街146巷19號,121.372193,24.935434
1928,新北市新莊區思源路127號,新北市新莊區思源里3鄰思源路127號,121.459622,25.043240
1929,新北市新店區中興路三段221之一號,新北市新店區寶安里37鄰中興路三段221之1號,121.543212,24.982648
1930,新北市泰山區明志路三段147號1，2樓,新北市泰山區貴賢里22鄰明志路三段147號,121.424988,25.040023
1931,新北市新莊區新泰路342號,新北市新莊區立功里22鄰新泰路342號,121.444851,25.042403
1932,新北市汐止區建成路59巷63號1樓,新北市汐止區城中里27鄰建成路59巷63號,121.660906,25.072265
1933,新北市新莊區中正路794號,新北市新莊區雙鳳里5鄰中正路794號,121.409851,25.021622
1934,新北市三峽區中山路198號,新北市三峽區鳶山里12鄰中山路198號,121.363512,24.937048
1935,新北市蘆洲區長榮路55號,新北市蘆洲區忠義里8鄰長榮路55號,121.462473,25.083213
1936,新北市板橋區中正路37號1樓、B1,新北市板橋區自強里31鄰中正路37號,121.456168,25.013180
1937,新北市板橋區中山路362號,新北市板橋區埔墘里16鄰中山路二段362號,121.481707,25.020061
1938,新北市板橋區陽明街77號,新北市板橋區忠誠里14鄰陽明街77號,121.464059,25.022998
1939,新北市板橋區南門街43號1、2、3樓,新北市板橋區流芳里6鄰南門街43號,121.457320,25.008590
1940,新北市板橋區懷德街117號1樓,新北市板橋區懷翠里8鄰懷德街117號,121.478711,25.031213
1941,新北市板橋區雙十路三段3號,新北市板橋區江翠里7鄰雙十路三段1號,121.471939,25.029983
1942,新北市板橋區雙十路二段47巷8弄16號1樓,新北市板橋區忠翠里7鄰雙十路二段47巷8弄16號,121.474411,25.026025
1943,新北市板橋區南雅西路二段182號,新北市板橋區自立里13鄰南雅西路二段182號,121.451603,25.014156
1944,新北市板橋區龍興街16號,新北市板橋區龍安里1鄰龍興街16號,121.442909,24.999903
1945,新北市板橋區文聖街157號,新北市板橋區文聖里16鄰文聖街157號,121.478737,25.027767
1946,新北市板橋區貴興路82號,新北市板橋區華興里18鄰貴興路82號,121.456258,25.002872
1947,新北市板橋區中正路332－4號1樓,新北市板橋區港尾里10鄰中正路332之4號,121.454372,25.022438
1948,新北市板橋區新海路344號,新北市板橋區新翠里23鄰新海路344號,121.460164,25.024587
1949,新北市板橋區忠孝路39號,新北市板橋區福星里19鄰忠孝路39號,121.461107,25.002116
1950,新北市板橋區長安街333號1樓,新北市板橋區長安里1鄰長安街333號,121.474547,25.012267
1951,新北市三重區三和路二段77號,新北市三重區長泰里1鄰三和路二段77號,121.499950,25.068137
1952,新北市三重區正義北路211號,新北市三重區雙園里13鄰正義北路211號,121.496163,25.068563
1953,新北市三重區過圳街7巷36號1樓,新北市三重區過田里19鄰過圳街7巷36號,121.490346,25.059846
1954,新北市三重區重新路一段72號,新北市三重區永興里4鄰重新路一段72號,121.501996,25.063590
1955,新北市三重區碧華街141號1樓,新北市三重區碧華里1鄰碧華街141號,121.486380,25.082066
1956,新北市三重區三和路四段133號,新北市三重區福樂里13鄰三和路四段133號,121.484654,25.077984
1957,新北市三重區中正南路165號,新北市三重區光明里30鄰中正南路165號,121.493661,25.056038
1958,新北市永和區復興街31號,新北市永和區勵行里8鄰復興街31號,121.516332,25.013142
1959,新北市永和區中山路一段14號,新北市永和區信義里7鄰中山路一段14號,121.514053,25.010549
1960,新北市中和區捷運路125號,新北市中和區壽南里8鄰捷運路125號,121.507305,24.990435
1961,新北市中和區景德街30號,新北市中和區秀峰里43鄰景德街30號,121.518236,24.991450
1962,新北市中和區新生街241號,新北市中和區平河里10鄰新生街241號,121.483887,24.998895
1963,新北市中和區宜安路159號,新北市中和區安平里4鄰宜安路159號,121.508904,24.998843
1964,新北市中和區忠孝街85號1樓,新北市中和區東南里16鄰忠孝街85號,121.512034,24.985351
1965,新北市中和區圓通路234號,新北市中和區力行里27鄰圓通路234號,121.494889,24.992766
1966,新北市中和區員山路409號1樓、411號1樓,新北市中和區嘉新里5鄰員山路409號,121.481007,25.003198
1967,新北市中和區景平路558號1樓,新北市中和區和興里19鄰景平路558號,121.502110,24.995149
1968,新北市中和區興南路一段159號1樓,新北市中和區壽南里13鄰興南路一段159號,121.508593,24.987045
1969,新北市中和區景平路561號,新北市中和區連城里23鄰景平路561號,121.498171,24.999752
1970,新北市新店區安德街75號,新北市新店區安昌里10鄰安德街75號,121.510192,24.961416
1971,新北市新莊區龍安路495號1樓,新北市新莊區民安里26鄰龍安路495號,121.425931,25.018257
1972,新北市新莊區民安西路十三號一樓,新北市新莊區民全里15鄰民安西路13號,121.426768,25.021612
1973,新北市新莊區八德街137號1樓,新北市新莊區成德里12鄰八德街137號,121.423817,25.020161
1974,新北市新莊區幸福路46號,新北市新莊區信義里12鄰幸福路46號,121.457722,25.049533
1975,新北市新莊區中平路267號1樓,新北市新莊區立廷里31鄰中平路267號,121.444709,25.049733
1976,新北市新莊區景德路384號,新北市新莊區海山里19鄰景德路384號,121.446077,25.033608
1977,新北市新莊區自立街112號1樓,新北市新莊區自立里4鄰自立街112號,121.455264,25.045373
1978,新北市新莊區幸福路552號,新北市新莊區幸福里3鄰幸福路552號,121.454901,25.049423
1979,新北市新莊區後港一路24號,新北市新莊區後港里7鄰後港一路24號,121.425220,25.026031
1980,新北市新莊區幸福路815號1樓,新北市新莊區立廷里13鄰幸福路815號,121.445694,25.048995
1981,新北市新莊區幸福東路133號,新北市新莊區化成里15鄰幸福東路133號,121.461010,25.049346
1982,新北市新莊區化成路217號1樓,新北市新莊區頭前里10鄰化成路217號,121.466018,25.052009
1983,新北市新莊區中平路363號1樓,新北市新莊區立廷里28鄰中平路363號,121.444655,25.051658
1984,新北市淡水區英專路21巷30號1樓,新北市淡水區長庚里29鄰英專路21巷30號,121.444509,25.169917
1985,新北市汐止區福德二路120號1樓,新北市汐止區中興里21鄰福德二路120號,121.631334,25.065512
1986,新北市土城區中央路二段207號,新北市土城區土城里18鄰中央路二段207號,121.441732,24.974381
1987,新北市土城區延吉街119號,新北市土城區延吉里7鄰延吉街119號,121.471099,24.986509
1988,新北市蘆洲區中正路47號,新北市蘆洲區得勝里4鄰中正路47號,121.470920,25.082514
1989,新北市蘆洲區復興路74號,新北市蘆洲區鷺江里20鄰復興路74號,121.474998,25.086527
1990,新北市蘆洲區中華街7號,新北市蘆洲區九芎里24鄰中華街7號,121.463911,25.081668
1991,新北市泰山區明志路2段379號1樓,新北市泰山區新明里21鄰明志路二段379號,121.425102,25.043806
1992,新北市林口區文化三路一段571號,新北市林口區南勢里37鄰文化三路一段571號,121.370474,25.076416
1993,新北市林口區公園路193號,新北市林口區仁愛里5鄰公園路193號,121.371917,25.072375
1994,新北市林口區文化三路一段394巷2號1樓,新北市林口區南勢里25鄰文化三路一段394巷2號,121.365951,25.072945
1995,新北市金山區忠孝一路26號1樓,新北市金山區金美里4鄰忠孝一路26號,121.638368,25.219692
1996,新北市土城區學府路一段155巷5號一樓,新北市土城區學府里20鄰學府路一段155巷5號,121.453597,24.985712
1997,新北市板橋區貴興路38號,新北市板橋區華興里3鄰貴興路38號,121.457312,25.003596
1998,新北市新莊市新泰路307號1樓,新北市新莊區立泰里5鄰新泰路307號,121.445207,25.041211
1999,新北市新莊區民安西路311號1樓之1,新北市新莊區光華里11鄰民安西路311號,121.427274,25.011406
2000,新北市板橋區重慶路279號,新北市板橋區廣德里2鄰重慶路279號,121.463594,24.999454
2001,新北市瑞芳區明燈路三段71號1樓,新北市瑞芳區龍潭里9鄰明燈路三段71號,121.805442,25.108191
2002,新北市三重區自強路一段254號,新北市三重區民生里6鄰自強路一段254號,121.492577,25.067453
2003,新北市中和區興南路一段119號,新北市中和區壽南里15鄰興南路一段119號,121.509200,24.987846
2004,新北市深坑區深坑街3巷5號,新北市深坑區埔新里27鄰深坑街3巷5號,121.616767,25.002600
2005,新北市土城區清水路179號1樓,新北市土城區清溪里18鄰清水路179號,121.459489,24.981614
2006,新北市土城區裕民路280號3樓,新北市土城區柑林里15鄰裕民路280號,121.455422,24.982005
2007,新北市土城區明德路一段59號,新北市土城區永富里2鄰明德路一段59號,121.465342,24.984584
2008,新北市蘆洲區長榮路55號,新北市蘆洲區忠義里8鄰長榮路55號,121.462473,25.083213
2009,新北市新莊區幸福路64巷4弄3號1樓,新北市新莊區信義里14鄰幸福路64巷4弄3號,121.457267,25.050122
2010,新北市永和區中正路109號2樓,新北市永和區潭安里11鄰中正路109號,121.515585,24.997563
2011,新北市鶯歌區國慶街154號,新北市鶯歌區南鶯里18鄰國慶街154號,121.350958,24.953208
2012,新北市中和區捷運路125號1樓,新北市中和區壽南里8鄰捷運路125號,121.507305,24.990435
2013,新北市樹林區日新街52號,新北市樹林區樹福里5鄰日新街52號,121.422451,24.991826
2014,新北市中和區保健路27之4號,新北市中和區安平里24鄰保健路27之4號,121.508562,24.997875
2015,新北市三峽區文化路70號,新北市三峽區永舘里10鄰文化路70號,121.372234,24.936223
2016,新北市新莊區雙鳳路41號,新北市新莊區雙鳳里1鄰雙鳳路41號,121.416082,25.027166
2017,新北市板橋區成都街37號一摟,新北市板橋區景星里22鄰成都街37號,121.461122,25.005002
2018,新北市板橋區府中路24號2樓,新北市板橋區挹秀里8鄰府中路24號,121.459750,25.009716
2019,新北市樹林區學成路478號1樓,新北市樹林區南園里50鄰學成路478號,121.379613,24.945025
2020,新北市林口區文化三路一段571號,新北市林口區南勢里37鄰文化三路一段571號,121.370474,25.076416
2021,新北市蘆洲區中原路41號1樓,新北市蘆洲區長安里17鄰中原路41號,121.459584,25.082397
2022,新北市永和區得和路351號,新北市永和區秀元里11鄰得和路351號,121.524180,24.999542
2023,新竹市東區西門街223號,新竹市東區關帝里15鄰西門街55號,120.965332,24.802657
2024,新竹市東區中華路二段381號,新竹市東區榮光里6鄰中華路二段381號,120.973463,24.803016
2025,新竹市東區復中里民權路169號,新竹市東區復中里3鄰民權路169號,120.974024,24.809265
2026,新竹市東區光復路一段181號,新竹市東區金山里23鄰光復路一段181號,121.022026,24.781583
2027,新竹市東區南大路93-1號,新竹市東區公園里10鄰南大路93之1號,120.976178,24.801532
2028,新竹市北區北新街125號,新竹市北區客雅里3鄰北新街125號,120.955732,24.803146
2029,新竹市東區中央路182號2樓,新竹市東區復中里1鄰中央路182號,120.974014,24.808596
2030,新竹市東區光復路一段561號,新竹市東區科園里4鄰光復路一段561號,121.012057,24.785423
2031,新竹市東區光復路一段266號,新竹市東區關東里13鄰光復路一段266號,121.020518,24.782171
2032,新竹市東區經國路一段702號,新竹市東區文華里8鄰經國路一段702號,120.973153,24.814374
2033,新竹市中正路72號,新竹市東區中正里2鄰中正路72號,120.969947,24.805088
2034,新竹市東區食品路181號,新竹市東區頂竹里20鄰食品路181號,120.975728,24.796664
2035,新竹市北區武陵路65號,新竹市北區武陵里18鄰武陵路65號,120.965315,24.818068
2036,新竹市林森路310號,新竹市北區育英里18鄰林森路310號,120.961319,24.797281
2037,新竹市中山路273號,新竹市北區育英里1鄰中山路273號,120.960758,24.801466
2038,新竹市東區南大路362號,新竹市東區寺前里6鄰南大路362號,120.970290,24.798100
2039,新竹市東區食品路448號,新竹市東區新興里22鄰食品路448號,120.967177,24.793786
2040,新竹市北區四維路36號,新竹市北區育英里17鄰四維路36號,120.962768,24.798641
2041,新竹市北區武陵路92號,新竹市北區武陵里14鄰武陵路92號,120.966834,24.818169
2042,新竹市東區民族路255號,新竹市東區三民里13鄰民族路255號,120.981725,24.810829
2043,新竹市東區東南街140號,新竹市東區頂竹里9鄰東南街139號,120.974329,24.797619
2044,新竹市東區中山路32號,找不到指定的門牌地址。,,
2045,新竹市東區南大路110之1號,新竹市東區公園里10鄰南大路110之1號,120.976159,24.801767
2046,新竹市光復路一段256號,新竹市東區關東里13鄰光復路一段256號,121.020735,24.782117
2047,新竹市東區新莊街13號,新竹市東區新莊里12鄰新莊街13號,121.015491,24.784652
2048,新竹市北區金竹路126號1樓,新竹市北區金竹里20鄰金竹路126號,120.972460,24.823912
2049,新竹市東區建功一路91號,新竹市東區武功里18鄰建功一路91號,120.995892,24.801679
2050,新竹市西大路69號,新竹市東區南大里16鄰西大路69號,120.971161,24.795772
2051,新竹市北區湳雅街2之2號,新竹市北區光華里1鄰湳雅街2之2號,120.969605,24.816915
2052,新竹市北區中華路三段16號,新竹市北區臺溪里2鄰中華路三段16號,120.962926,24.797242
2053,新竹市東區建中一路10號,新竹市東區武功里1鄰建中一路10號,120.994018,24.800913
2054,新竹市北區湳雅街176號,新竹市北區舊社里1鄰湳雅街176號,120.974665,24.821041
2055,新竹市東區光復路一段314號,新竹市東區關東里21鄰光復路一段314號,121.019175,24.782702
2056,新竹市東區中央路301號,新竹市東區復中里17鄰中央路301號,120.978421,24.810682
2057,新竹市東區建功一路133號,新竹市東區武功里8鄰建功一路133號,120.993948,24.802555
2058,新竹市東區民權路49號,新竹市東區三民里4鄰民權路49號,120.976234,24.806400
2059,新竹市東區中華路二段574號,新竹市東區南門里6鄰中華路二段574號,120.967787,24.799762
2060,新竹市東區東光路45號,新竹市東區綠水里20鄰東光路45號,120.986825,24.802593
2061,新竹市東區文化街78號,新竹市東區親仁里8鄰文化街78號,120.970162,24.807852
2062,新竹市東區光復路一段360-15號,新竹市東區關新里8鄰光復路一段360之15號,121.017083,24.783723
2063,新竹市民族路37號一樓,新竹市東區三民里18鄰民族路37號,120.974109,24.806076
2064,新竹市中正路71號1樓、2樓,新竹市東區中正里5鄰中正路71號,120.969562,24.805161
2065,新竹市新源街138號一樓,新竹市東區武功里7鄰新源街138號,120.993348,24.802527
2066,新竹市東區勝利路51號,新竹市東區南門里10鄰勝利路51號,120.968579,24.800664
2067,新竹市東區寺前里南大路372號1樓,新竹市東區寺前里7鄰南大路372號,120.970104,24.797986
2068,新竹市東區光復路一段261號,新竹市東區仙水里6鄰光復路一段261號,121.019976,24.782093
2069,新竹市北區光田里水田街192號,新竹市北區光田里10鄰水田街192號,120.968683,24.816144
2070,新竹市北區北門街47號,新竹市北區中興里2鄰北門街47號,120.965907,24.805978
2071,新竹市東區經國路二段378號,新竹市東區復興里17鄰經國路一段378號,120.982262,24.814990
2072,新竹市北區竹光路149號,新竹市北區磐石里23鄰竹光路149號,120.958515,24.812332
2073,新竹市北區湳雅街136號,新竹市北區光華里14鄰湳雅街136號,120.973384,24.820035
2074,新竹市北區水田街174號,新竹市北區光田里10鄰水田街174號,120.968379,24.815908
2075,新竹市東區大同路8號,新竹市東區榮光里1鄰大同路8號,120.970821,24.802847
2076,新竹市東區中山路140號,找不到指定的門牌地址。,,
2077,新竹縣竹北市博愛街418號1樓,新竹縣竹北市福德里15鄰博愛街418號,121.009411,24.837468
2078,新竹縣新豐鄉泰安街82號,新竹縣新豐鄉松林村13鄰泰安街82號,120.993654,24.870563
2079,竹北市博愛街198號,新竹縣竹北市北崙里14鄰博愛街198號,121.006217,24.832955
2080,新竹縣竹北市福興一路28號,新竹縣竹北市中崙里18鄰福興一路28號,121.004669,24.825585
2081,竹北市博愛街379號,新竹縣竹北市福德里21鄰博愛街379號,121.008664,24.836684
2082,新竹縣竹北市莊敬南路75號ㄧ樓,新竹縣竹北市鹿場里13鄰莊敬南路75號,121.020968,24.817674
2083,新豐鄉新興路237號,新竹縣新豐鄉山崎村7鄰新興路237號,120.996567,24.870211
2084,新竹縣關西鎮中興路2-3號2樓,新竹縣關西鎮北斗里1鄰中興路2之3號,121.177131,24.791929
2085,新竹縣新豐鄉建興路一段74號,新竹縣新豐鄉山崎村8鄰建興路一段74號,120.995465,24.871388
2086,新竹縣竹北市華興街150號,新竹縣竹北市新社里1鄰華興街150號,121.002742,24.840236
2087,湖口鄉中正路1段141號,新竹縣湖口鄉中正村7鄰中正路一段141號,121.047002,24.901150
2088,新竹縣湖口鄉忠孝路26號,新竹縣湖口鄉中正村6鄰忠孝路26號,121.046411,24.900648
2089,竹北市福興東路二段162號,新竹縣竹北市中興里2鄰福興東路二段162號,121.028783,24.814129
2090,新竹縣竹東鎮中豐路1段81號,新竹縣竹東鎮東寧里3鄰中豐路一段81號,121.099575,24.722702
2091,新竹縣竹東鎮東寧路3段175號,新竹縣竹東鎮忠孝里1鄰東寧路三段175號,121.085198,24.740686
2092,竹北市中正東路143號,新竹縣竹北市竹仁里7鄰中正東路143號,121.016391,24.834980
2093,竹北市興隆路一段199號,新竹縣竹北市中崙里8鄰興隆路一段199號,121.001988,24.824037
2094,新竹縣竹東鎮中正路111號,新竹縣竹東鎮中正里15鄰中正路111號,121.092798,24.732703
2095,新竹縣竹東鎮東林路77號,新竹縣竹東鎮仁愛里13鄰東林路77號,121.091279,24.737089
2096,竹北市成功六街57號,新竹縣竹北市鹿場里11鄰成功六街57號,121.020266,24.818581
2097,新竹縣竹北市三民路407號,新竹縣竹北市福德里3鄰三民路407號,121.009429,24.834377
2098,竹北市博愛街281號,新竹縣竹北市北崙里16鄰博愛街281號,121.007158,24.834143
2099,新竹縣竹北市復興三路二段70號,新竹縣竹北市中興里6鄰復興三路二段70號,121.035224,24.808924
2100,新竹縣竹北市縣政二路412號1、2樓,新竹縣竹北市興安里5鄰縣政二路412號,121.016816,24.828105
2101,新竹縣竹北市 成功六街 255號 一樓,新竹縣竹北市鹿場里9鄰成功六街255號,121.025029,24.816766
2102,新竹縣竹北市嘉豐六路二段140號,新竹縣竹北市東平里9鄰嘉豐六路二段140號,121.026957,24.807345
2103,竹北市福興東路二段156號1樓,新竹縣竹北市中興里2鄰福興東路二段156號,121.028677,24.814245
2104,新竹縣竹北市六家五路一段339號1樓,新竹縣竹北市東平里16鄰六家五路一段339號,121.030801,24.806868
2105,新竹縣竹北市勝利三街71號,新竹縣竹北市十興里31鄰勝利三街71號,121.027675,24.823135
2106,桃園市八德區介壽路964號,桃園市八德區瑞發里5鄰介壽路二段964號,121.297213,24.934452
2107,桃園市中壢區環北路351號,桃園市中壢區水尾里23鄰環北路351號,121.224590,24.966120
2108,桃園市平鎮區延平路二段91號1樓,桃園市平鎮區義興里23鄰延平路二段91號,121.212412,24.949313
2109,桃園市八德區和平路11號,桃園市八德區大忠里4鄰和平路11號,121.299629,24.957697
2110,桃園市大園區高鐵南路一段121號,桃園市大園區青山里8鄰高鐵南路一段121號,121.211367,25.009000
2111,桃園市龜山區文化一路10巷26號,桃園市龜山區文化里1鄰文化一路10巷26號,121.370400,25.059308
2112,桃園市桃園區中山北路96號,桃園市桃園區光興里35鄰中山北路96號,121.303310,24.994243
2113,桃園市桃園區永安路300號,桃園市桃園區永安里20鄰永安路300號,121.303264,24.998712
2114,桃園市中壢區中美路2段150號1樓,桃園市中壢區興國里3鄰中美路二段150號,121.220505,24.960211
2115,桃園市中壢區福德路64號1樓,桃園市中壢區福德里11鄰福德路64號,121.258357,24.974549
2116,桃園市桃園區信光路87號,桃園市桃園區東埔里22鄰信光路87號,121.306177,25.005471
2117,桃園市中壢區中正路357號1至3樓,桃園市中壢區舊明里14鄰中正路357號,121.216426,24.955369
2118,桃園市中壢區忠孝路164號,桃園市中壢區忠孝里22鄰忠孝路164號,121.255260,24.976454
2119,桃園市大園區果林路223號,找不到指定的門牌地址。,,
2120,桃園市桃園區復興路405號,桃園市桃園區泰山里11鄰復興路405號,121.302147,24.990953
2121,桃園市中壢區龍昌路475號,桃園市中壢區龍東里29鄰龍昌路475號,121.249010,24.930782
2122,桃園市中壢區莊敬路151號,桃園市中壢區自強里20鄰莊敬路151號,121.257606,24.968212
2123,桃園市龜山區文昌一街 5號1樓,桃園市龜山區文化里2鄰文昌一街5號,121.367463,25.057424
2124,桃園市中壢區健行路153-1號,桃園市中壢區健行里1鄰健行路153之1號,121.227562,24.949110
2125,桃園市桃園區國際路一段1040號,桃園市桃園區中山里6鄰國際路一段1040號,121.289745,24.985468
2126,桃園市觀音區大觀路一段512號,桃園市觀音區保障里15鄰大觀路一段512號,121.145387,25.049655
2127,桃園市蘆竹區南順七街27號,桃園市蘆竹區福昌里14鄰南順七街27號,121.290555,25.039072
2128,桃園市龜山區文學路255號,桃園市龜山區文青里30鄰文學路255號,121.389590,25.040958
2129,桃園市大園區公園路一段80號,桃園市大園區青山里10鄰公園路一段80號,121.210674,25.004861
2130,桃園市桃園區龍安街157號1樓,桃園市桃園區龍安里2鄰龍安街157號,121.279173,24.991478
2131,桃園市中壢區福德路15號,桃園市中壢區中原里2鄰福德路15號,121.258883,24.973544
2132,桃園市桃園區中正路1126號,桃園市桃園區同安里26鄰中正路1126號,121.299068,25.015646
2133,桃園市龜山區萬壽路二段982號,桃園市龜山區龜山里9鄰萬壽路二段982號,121.337357,24.995217
2134,桃園市桃園區大業路一段428號1樓,桃園市桃園區大興里24鄰大業路一段428號,121.311854,25.014976
2135,桃園市楊梅區大成路106號,桃園市楊梅區楊梅里14鄰大成路106號,121.145792,24.910501
2136,桃園市平鎮區延平路二段65號,桃園市平鎮區義興里22鄰延平路二段65號,121.212664,24.949605
2137,桃園市八德區福國北路100號,桃園市八德區大同里21鄰福國北街100號,121.295469,24.961286
2138,桃園市楊梅區永美路334號,桃園市楊梅區永平里2鄰永美路334號,121.181772,24.917335
2139,桃園市蘆竹區中山路56-1號,桃園市蘆竹區羊稠里15鄰中山路56之1號,121.299499,25.054504
2140,桃園市中壢區延平路517號,桃園市中壢區石頭里3鄰延平路517號,121.223286,24.956133
2141,桃園市桃園區寶山街207號,桃園市桃園區寶民里2鄰寶山街207號,121.316320,25.012181
2142,桃園市蘆竹區中正路355號,桃園市蘆竹區錦興里13鄰中正路355號,121.291028,25.048925
2143,桃園市蘆竹區大竹路426-5號,桃園市蘆竹區上竹里5鄰大竹路426之5號,121.264722,25.020731
2144,桃園市中壢區環中東路149號,桃園市中壢區中正里20鄰環中東路149號,121.258810,24.964928
2145,桃園市桃園區中山路428號1樓,桃園市桃園區光興里3鄰中山路428號,121.302789,24.992031
2146,桃園市中壢區普忠路233號,桃園市中壢區普忠里20鄰普忠路233號,121.246619,24.960467
2147,桃園市蘆竹區南崁路70號1樓,桃園市蘆竹區南崁里6鄰南崁路70號,121.296142,25.045451
2148,桃園市中壢區環北路155號1樓,桃園市中壢區興和里15鄰環北路155號,121.221102,24.966722
2149,桃園市中壢區中山路54號,桃園市中壢區中央里9鄰中山路54號,121.227137,24.955366
2150,桃園市中壢區中山路54號,桃園市中壢區中央里9鄰中山路54號,121.227137,24.955366
2151,桃園市龍潭區北龍路２７５號１樓,桃園市龍潭區中山里8鄰北龍路275號,121.217431,24.868098
2152,桃園市桃園區泰昌八街23號1樓,桃園市桃園區中山里15鄰泰昌八街23號,121.292238,24.987266
2153,桃園市龍潭區東龍路180號,桃園市龍潭區龍星里28鄰東龍路180號,121.214809,24.863523
2154,桃園市龜山區萬壽路二段 1088號1樓,桃園市龜山區新路里4鄰萬壽路二段1088號,121.334633,24.994295
2155,桃園市桃園區桃鶯路186-1號,桃園市桃園區大樹里16鄰桃鶯路186之1號,121.318808,24.982555
2156,桃園市楊梅區四維二路139號,桃園市楊梅區四維里28鄰四維二路139號,121.181573,24.912112
2157,桃園市中壢區龍岡路一段215號1樓,桃園市中壢區健行里3鄰龍岡路一段215號,121.225824,24.947851
2158,桃園市桃園區鎮撫街160號,桃園市桃園區三民里3鄰鎮撫街160號,121.318454,24.999223
2159,桃園市龜山區文化三路68號1樓,桃園市龜山區大湖里12鄰文化三路68號,121.362796,25.058564
2160,桃園市平鎮區廣德街22號,桃園市平鎮區復興里33鄰廣德街22號,121.204829,24.956330
2161,桃園市中壢區中山東路四段94及96號1樓,桃園市中壢區龍昌里16鄰中山東路四段96號,121.256632,24.935748
2162,桃園市龜山區文青二路7號1樓,桃園市龜山區文青里24鄰文青二路7號,121.388206,25.039424
2163,桃園市桃園區中山路28號,桃園市桃園區中和里5鄰中山路28號,121.312306,24.995276
2164,桃園市中壢區中山東路2段29號,桃園市中壢區普仁里6鄰中山東路二段29號,121.237424,24.954400
2165,桃園市中壢區仁愛路11號,桃園市中壢區中原里7鄰仁愛路11號,121.255815,24.972387
2166,桃園市桃園區中山路1492號,桃園市桃園區龍山里8鄰中山路1492號,121.268092,24.977705
2167,桃園市新屋區新屋村新福二路六號,桃園市新屋區新屋里14鄰新福二路6號,121.107189,24.969856
2168,桃園市龜山區復興街5號,桃園市龜山區公西里10鄰復興街5號,121.367919,25.060298
2169,桃園市龜山區舊路村頂湖路123號,桃園市龜山區舊路里10鄰頂湖路123號,121.366947,25.029312
2170,桃園市平鎮區廣泰路77號,桃園市平鎮區義民里14鄰廣泰路77號,121.204960,24.946120
2171,桃園市桃園區成功路二段30號,桃園市桃園區東山里4鄰成功路二段30號,121.314943,24.993331
2172,桃園市桃園區同安街366號,桃園市桃園區新埔里4鄰同安街366號,121.302482,25.017647
2173,桃園市桃園區南平路302之1號2樓,桃園市桃園區莊敬里11鄰南平路302之1號,121.298858,25.018550
2174,桃園市桃園區成功路二段82號1樓,桃園市桃園區東山里1鄰成功路二段82號,121.316164,24.993784
2175,桃園市中壢區莒光路27號1樓,桃園市中壢區普強里21鄰莒光路27號,121.238431,24.952691
2176,桃園市中壢區中山東路2段 187號1樓,桃園市中壢區普仁里9鄰中山東路二段187號,121.240097,24.952224
2177,桃園市中壢區中山路202號1樓,桃園市中壢區中建里4鄰中山路202號,121.222950,24.956634
2178,桃園市八德區廣豐路175號,桃園市八德區大宏里22鄰廣豐路175號,121.299373,24.966730
2179,桃園市八德區介壽路一段811號,桃園市八德區大忠里9鄰介壽路一段811號,121.300062,24.962115
2180,桃園市龍潭區中正路171號,桃園市龍潭區中山里6鄰中正路171號,121.217067,24.866091
2181,桃園市龍潭區中正路312號1樓,桃園市龍潭區龍星里8鄰中正路312號,121.217661,24.861301
2182,桃園市龍潭區中正路312號1樓,桃園市龍潭區龍星里8鄰中正路312號,121.217661,24.861301
2183,桃園市中壢區龍東路98號,桃園市中壢區龍平里19鄰龍東路98號,121.251339,24.928906
2184,桃園市桃園區宏昌八街136號1樓,桃園市桃園區中泰里8鄰宏昌八街136號,121.287576,24.985761
2185,桃園市中壢區中山東路三段246號,桃園市中壢區至善里7鄰中山東路三段246號,121.250255,24.941780
2186,桃園市大園區大觀路4號1樓,桃園市大園區大園里12鄰大觀路4號,121.196875,25.065033
2187,桃園市桃園區永安路379號1樓,桃園市桃園區中成里17鄰永安路379號,121.299110,25.000712
2188,桃園市蘆竹區南崁路336號,桃園市蘆竹區錦中里20鄰南崁路336號,121.291448,25.050329
2189,桃園市中壢區中山路449號,桃園市中壢區舊明里8鄰中山路449號,121.216404,24.956699
2190,桃園市中壢區中山東路3段111號,桃園市中壢區仁美里1鄰中山東路三段111號,121.248586,24.944531
2191,桃園市桃園區慈文路197號,桃園市桃園區信光里22鄰慈文路197號,121.303269,25.007767
2192,桃園市桃園區中正路449號1樓,桃園市桃園區永安里2鄰中正路449號,121.306805,25.001217
2193,桃園市中壢區中央西路一段39.41.43號2樓,桃園市中壢區永興里11鄰中央西路一段151號,121.219072,24.958030
2194,桃園市中壢區中央西路2段39號,桃園市中壢區光明里16鄰中央西路二段39號,121.217616,24.958632
2195,桃園市中壢區福德路12號1、2樓,桃園市中壢區福德里11鄰福德路12號,121.259073,24.973558
2196,桃園市中壢區榮民路１７１號１樓,桃園市中壢區興仁里10鄰榮民路171號,121.261013,24.966391
2197,桃園市桃園區鎮撫街50號,桃園市桃園區成功里4鄰鎮撫街50號,121.314792,24.998021
2198,澎湖縣馬公市惠民一路10號,澎湖縣馬公市中央里16鄰惠民一路10號,119.564729,23.565472
2199,澎湖縣馬公市陽明路24號,澎湖縣馬公市朝陽里21鄰陽明路24號,119.575518,23.572754
2200,澎湖縣馬公市三多路352號,澎湖縣馬公市光榮里24鄰三多路352號,119.570581,23.577323
2201,台南市中西區和緯路五段191號,臺南市中西區西湖里30鄰和緯路五段191號,120.182531,23.004987
2202,台南市南區新興路240號,臺南市南區新興里11鄰新興路240號,120.192406,22.976407
2203,台南市東區崇學路139～1號,臺南市東區龍山里1鄰崇學路293號,120.226147,22.983104
2204,台南市南區大同路二段112巷1號,臺南市南區新生里14鄰大同路二段112巷1號,120.212383,22.979723
2205,台南市北區公園路661號,臺南市北區正覺里7鄰公園路661號,120.213947,23.015986
2206,台南市東區崇德路680號,臺南市東區崇成里2鄰崇德路680號,120.227307,22.967185
2207,台南市關廟區中正路1023.1025號,臺南市關廟區山西里6鄰中正路1048號,120.326387,22.963224
2208,台南市東區東寧路235號,臺南市東區東明里15鄰東寧路235號,120.226636,22.990601
2209,台南市北區西門路21、23、25號,臺南市北區正覺里10鄰西門路四段610號,120.212926,23.018581
2210,台南市安定區港口里港口273號,臺南市安定區港口里1鄰港口273號,120.234376,23.091170
2211,台南市北區和緯路二段169號,臺南市北區成德里14鄰和緯路二段169號,120.206721,23.011828
2212,台南市東區東門路三段205號,臺南市東區虎尾里1鄰東門路三段205號,120.234934,22.977285
2213,台南市安南區海佃路一段260號,臺南市安南區溪墘里7鄰海佃路一段260號,120.191481,23.025846
2214,台南市北區文賢路606號,臺南市北區文成里5鄰文賢路606號,120.193948,23.008900
2215,台南市安平區國平路152號,臺南市安平區國平里23鄰國平路152號,120.171064,22.988910
2216,台南市南區永華路一段257號,臺南市南區文華里1鄰永華路一段257號,120.190614,22.988323
2217,台南市安南區安中路一段227號,臺南市安南區安慶里24鄰安中路一段227號,120.205893,23.036853
2218,台南市東區崇德路670號,臺南市東區崇成里18鄰崇德路670號,120.226743,22.968534
2219,台南市中西區民族路三段266號,臺南市中西區兌悅里3鄰民族路三段266號,120.192813,23.000095
2220,台南市安南區安中路二段166.168號,臺南市安南區溪心里21鄰安中路二段332號之1,120.184032,23.047239
2221,台南市安南區安和路一段170號,臺南市安南區安東里15鄰安和路一段170號,120.213669,23.029972
2222,台南市永康區北興路360號,臺南市永康區北興里10鄰北興路360號,120.270972,23.012869
2223,台南市北區小東路345號,臺南市北區東興里2鄰小東路345號,120.231388,22.999082
2224,台南市北區北安路一段187號,臺南市北區華德里1鄰北安路一段187號,120.208087,23.017904
2225,台南市北區西門路三段77號,臺南市北區立人里11鄰西門路三段77號,120.203005,23.002330
2226,台南市東區崇善路539號,臺南市東區崇善里2鄰崇善路539號,120.229577,22.973552
2227,台南市北區西門路四段236號,臺南市北區小北里10鄰西門路四段236號,120.208794,23.011234
2228,臺南市仁德區裕忠路539號,臺南市仁德區仁德里29鄰裕忠路539號,120.241951,22.976718
2229,台南市東區崇明路443號,臺南市東區崇德里14鄰崇明路443號,120.224423,22.973322
2230,台南市安平區慶平路237號,臺南市安平區怡平里13鄰慶平路237號,120.177306,22.996777
2231,台南市北區育德路490號,臺南市北區福德里2鄰育德路490號,120.206723,23.013722
2232,台南市東區大同路二段89號,臺南市東區路東里3鄰大同路二段89號,120.213426,22.978923
2233,台南市北區文賢路637號,臺南市北區大和里1鄰文賢路637號,120.193641,23.013461
2234,台南市安平區永華路二段821號,臺南市安平區育平里2鄰永華路二段821號,120.168488,22.991213
2235,台南市北區開元路182號,臺南市北區振興里9鄰開元路182號,120.220228,23.007158
2236,台南市永康區文化路332號,臺南市永康區網寮里19鄰文化路332號,120.252849,23.015371
2237,台南市南區金華路一段283號,臺南市南區鹽埕里8鄰金華路一段283號,120.190085,22.968112
2238,台南市南區健康路二段119號,臺南市南區新興里15鄰健康路二段119號,120.194335,22.981316
2239,台南市東區怡東路46號,臺南市東區東明里2鄰怡東路46號,120.227890,22.991668
2240,台南市東區崇善路908號,臺南市東區大智里7鄰崇善路908號,120.234621,22.964017
2241,台南市南區金華路二段170號,臺南市南區再興里6鄰金華路二段170號,120.191472,22.979669
2242,台南市東區凱旋路33號,臺南市東區東光里6鄰凱旋路33號,120.230513,22.992933
2243,台南市東區崇明十街30號,臺南市東區忠孝里12鄰崇明十街30號,120.220631,22.975370
2244,台南市北區西門路三段189號,臺南市北區和順里18鄰西門路三段189號,120.204690,23.004532
2245,台南市中西區中山路125號,臺南市中西區赤嵌里3鄰中山路125號,120.209228,22.995819
2246,台南市新化區那拔里牧場72號,臺南市新化區那拔里9鄰牧場72號,120.336408,23.062491
2247,台南市東區東門路一段57號,臺南市東區東門里6鄰東門路一段57號,120.212807,22.989158
2248,台南市安南區長和路二段66號,臺南市安南區州南里13鄰長和路二段66號,120.223192,23.064232
2249,台南市新化區中正路413號,臺南市新化區武安里11鄰中正路413號,120.308097,23.035233
2250,台南市仁德區中正路二段127號,臺南市仁德區後壁里27鄰中正路二段127號,120.250923,22.946548
2251,台南市歸仁區中山路一段481號,臺南市歸仁區許厝里5鄰中山路一段481號,120.298240,22.966180
2252,台南市東區崇德路58號,臺南市東區德光里4鄰崇德路58號,120.217800,22.980836
2253,台南市東區東寧路443號,臺南市東區東光里1鄰東寧路443號,120.230290,22.989481
2254,台南市東區中華東路三段126號,臺南市東區崇信里19鄰中華東路三段126號,120.227112,22.978774
2255,台南市東區裕忠路105號,臺南市東區關聖里17鄰裕忠路105號,120.241902,22.985765
2256,台南市東區崇成里崇道路20號1樓,臺南市東區崇成里13鄰崇道路20號,120.226198,22.971951
2257,台南市南區明興路1239-1241號,臺南市南區同安里12鄰明興路1239號,120.185275,22.924350
2258,台南市南區夏林路7號之2,臺南市南區新昌里4鄰夏林路7號之2,120.195181,22.985026
2259,台南市南區新興路470號,臺南市南區國宅里15鄰新興路470號,120.187304,22.975007
2260,台南市中西區忠義路二段205號,臺南市中西區赤嵌里8鄰忠義路二段205號,120.204365,22.997370
2261,台南市中西區中華西路二段626號,臺南市中西區光賢里13鄰中華西路二段626號,120.186834,23.005030
2262,台南市北區公園路735號,臺南市北區正覺里12鄰公園路735號,120.215155,23.017462
2263,台南市北區文賢路611號,臺南市北區大和里1鄰文賢路611號,120.193623,23.012868
2264,台南市北區北安路一段239號,臺南市北區華德里2鄰北安路一段239號,120.206890,23.018827
2265,台南市安平區國平里華平路178號,臺南市安平區國平里2鄰華平路178號,120.174871,22.988965
2266,台南市南區金華路二段33巷40號,臺南市南區國宅里7鄰金華路二段33巷40號,120.189871,22.977188
2267,台南市南區西門路一段551號,臺南市南區新昌里8鄰西門路一段551號,120.197354,22.983747
2268,台南市北區西門路四段602號,臺南市北區正覺里10鄰西門路四段602號,120.212796,23.018450
2269,台南市北區海安路三段755號,臺南市北區元美里4鄰海安路三段755號,120.200267,23.012796
2270,台南市北區和緯路三段182號,臺南市北區元美里1鄰和緯路三段182號,120.199275,23.011407
2271,台南市安南區安和路一段127號,臺南市安南區溪北里1鄰安和路一段127號,120.214079,23.028613
2272,台南市中西區府前路一段182號,臺南市中西區永華里14鄰府前路一段182號,120.205696,22.989134
2273,台南市中西區南門路159之2號,臺南市中西區郡王里16鄰南門路159號之2,120.204426,22.986394
2274,台南市中西區南門路185號之5,臺南市中西區郡王里10鄰南門路185號之5,120.204301,22.985550
2275,台南市仁德區中正路二段480號,臺南市仁德區新田里10鄰中正路二段480號,120.252399,22.954249
2276,台南市中西區民族路三段198號,臺南市中西區兌悅里2鄰民族路三段198號,120.194451,22.999504
2277,台南市東區林森路一段192號,臺南市東區德光里1鄰林森路一段192號,120.216570,22.982120
2278,台南市東區長榮路二段162號,臺南市東區中西里10鄰長榮路二段162號,120.220185,22.989550
2279,台南市安平區建平路567號,臺南市安平區建平里17鄰建平路567號,120.183550,22.994551
2280,台南市東區崇明路369號,臺南市東區崇學里8鄰崇明路369號,120.222460,22.975328
2281,花蓮市中正路637號,花蓮縣花蓮市國治里1鄰中正路637號,121.610333,23.979427
2282,花蓮市中山路76號,花蓮縣花蓮市民族里6鄰中山路76號,121.611183,23.974912
2283,花蓮市富吉路59號,花蓮縣花蓮市國裕里8鄰富吉路59號,121.597404,23.994810
2284,花蓮市中山路523號,花蓮縣花蓮市國魂里3鄰中山路523號,121.602388,23.985697
2285,花蓮市中正路43號,花蓮縣花蓮市主農里22鄰中正路43號,121.595341,23.969512
2286,花蓮市和平路472號,花蓮縣花蓮市主工里17鄰和平路472號,121.601546,23.976621
2287,花蓮縣玉里鎮光復路170號,花蓮縣玉里鎮中城里31鄰光復路170號,121.312804,23.331498
2288,花蓮縣新城鄉嘉里村嘉里路163號,花蓮縣新城鄉嘉里村33鄰嘉里路163號,121.607400,24.024429
2289,花蓮市民國路26號,花蓮縣花蓮市國治里19鄰民國路26號,121.605157,23.978393
2290,花蓮市富國路142號,花蓮縣花蓮市國富里21鄰富國路142號,121.593947,23.989564
2291,花蓮縣新城鄉嘉里村福德路1號,花蓮縣新城鄉嘉里村4鄰福德路1號,121.610448,24.016092
2292,花蓮縣吉安鄉中華路2段178號,花蓮縣吉安鄉宜昌村12鄰中華路二段178號,121.583774,23.973859
2293,花蓮市富吉路3號,花蓮縣花蓮市國裕里11鄰富吉路3號,121.598727,23.994236
2294,花蓮市中正路142-1號,花蓮縣花蓮市主農里21鄰中正路142之1號,121.597525,23.970597
2295,花蓮市建國路2段288號,花蓮縣花蓮市國興里2鄰建國路二段288號,121.577657,23.992124
2296,花蓮縣壽豐鄉豐山村中山路146號,花蓮縣壽豐鄉豐山村21鄰中山路146號,121.495120,23.847995
2297,花蓮縣吉安鄉中山路三段123號,花蓮縣吉安鄉慶豐村2鄰中山路三段123號,121.573695,23.976119
2298,花蓮縣吉安鄉建國路一段231號,花蓮縣吉安鄉北昌村4鄰建國路一段231號,121.588245,23.986834
2299,花蓮市和平路332之2號,花蓮縣花蓮市主睦里6鄰和平路332之2號,121.603886,23.973675
2300,花蓮縣鳳林鎮中正路二段185號,花蓮縣鳳林鎮鳳禮里12鄰中正路二段185號,121.449558,23.748529
2301,花蓮縣新城鄉北埔村民族路46號,花蓮縣新城鄉北埔村27鄰民族路46號,121.603399,24.032599
2302,花蓮縣光復鄉中正路1段149號,花蓮縣光復鄉大同村1鄰中正路一段149號,121.425693,23.665248
2303,頭份市蟠桃里德義路102號,苗栗縣頭份市蟠桃里11鄰德義路102號,120.897267,24.691445
2304,頭份市自強路2段53號,苗栗縣頭份市民權里10鄰自強路二段53號,120.899632,24.684297
2305,公館鄉館東村大同路142號1樓,苗栗縣公館鄉館東村5鄰大同路142號,120.828204,24.501743
2306,後龍鎮中山路104號,苗栗縣後龍鎮大庄里19鄰中山路104號,120.790813,24.614331
2307,公館鄉館東村14鄰大同路195號,苗栗縣公館鄉館東村5鄰大同路194號,120.828292,24.502796
2308,苗栗市中山路662號,苗栗縣苗栗市玉苗里20鄰中山路662號,120.818558,24.556395
2309,頭份市和平里和平路43號,苗栗縣頭份市和平里1鄰和平路43號,120.907599,24.684169
2310,竹南鎮博愛街154號,苗栗縣竹南鎮照南里16鄰博愛街154號,120.875298,24.687010
2311,頭份市中華路1121號,苗栗縣頭份市自強里13鄰中華路1121號,120.910343,24.687529
2312,頭份市建國路2段160號,苗栗縣頭份市山下里9鄰建國路二段160號,120.902874,24.696411
2313,頭份市中正路196號,苗栗縣頭份市頭份里8鄰中正路196號,120.910194,24.686447
2314,苗栗市英才路199號,苗栗縣苗栗市北苗里8鄰英才路199號,120.820453,24.571718
2315,後龍鎮中龍街184號,苗栗縣後龍鎮中龍里17鄰中龍街184號,120.787111,24.613861
2316,竹南鎮民治街17號,苗栗縣竹南鎮正南里16鄰民治街17號,120.878639,24.684770
2317,苗栗市大同路130號,苗栗縣苗栗市高苗里17鄰大同路130號,120.815285,24.551760
2318,苗栗市建功里府前路81號,苗栗縣苗栗市建功里24鄰府前路81號,120.819590,24.561613
2319,竹南鎮光復路42-1號,苗栗縣竹南鎮正南里9鄰光復路42之1號,120.879136,24.684301
2320,苑裡鎮新興路31-12號,苗栗縣苑裡鎮客庄里11鄰新興路31之12號,120.652564,24.440384
2321,苗栗市府東路61號1樓,苗栗縣苗栗市建功里19鄰府東路61號,120.821720,24.563535
2322,苗栗市中山路789號,苗栗縣苗栗市大同里1鄰中山路789號,120.815918,24.555047
2323,苗栗市中山路814號,苗栗縣苗栗市大同里6鄰中山路814號,120.815256,24.555185
2324,苗栗市為公路175號,苗栗縣苗栗市清華里7鄰為公路175號,120.827128,24.570902
2325,苗栗市中正路295號1樓,苗栗縣苗栗市建功里9鄰中正路295號,120.823828,24.563123
2326,頭份市中華路921號 新增,苗栗縣頭份市民族里9鄰中華路921號,120.905686,24.683657
2327,頭份市中山路60號,苗栗縣頭份市仁愛里9鄰中山路60號,120.907790,24.683540
2328,後龍鎮大庄里中山路202號,苗栗縣後龍鎮大庄里18鄰中山路202號,120.793121,24.613061
2329,三灣鄉三灣村民權街6號,苗栗縣三灣鄉三灣村3鄰民權街6號,120.956033,24.654211
2330,金門縣金沙鎮后浦頭3號,金門縣金沙鎮汶沙里18鄰后浦頭3號,118.414713,24.487062
2331,金門縣金城鎮環島北路一段26號,金門縣金城鎮西門里37鄰環島北路一段26號,118.321757,24.440176
2332,金門縣金寧鄉仁愛新村139號,找不到指定的門牌地址。,,
2333,虎尾鎮中山路25號1樓,雲林縣虎尾鎮西安里31鄰中山路25號,120.435132,23.706098
2334,西螺鎮福興路165-2號,雲林縣西螺鎮正興里10鄰福興路165之2號,120.460562,23.799441
2335,雲林縣斗六市中華路288號1樓,雲林縣斗六市仁愛里1鄰中華路288號,120.549069,23.708478
2336,北港鎮南安里光明路37號,雲林縣北港鎮南安里12鄰光明路37號,120.302993,23.566281
2337,虎尾鎮公安里林森路1段360巷7-2號,雲林縣虎尾鎮公安里27鄰林森路一段360巷7之2號,120.435784,23.712077
2338,斗六市鎮東路117號,雲林縣斗六市文化里13鄰鎮東路117號,120.552542,23.708720
2339,北港鎮大同里大同路120號,雲林縣北港鎮大同里2鄰大同路120號,120.303334,23.571155
2340,西螺鎮光華里延平路400號,雲林縣西螺鎮光華里9鄰延平路360號,120.456729,23.800829
2341,虎尾鎮中正路329號,雲林縣虎尾鎮西安里7鄰中正路329號,120.429473,23.704060
2342,斗南鎮民權路31號,雲林縣斗南鎮南昌里20鄰民權路31號,120.478718,23.673795
2343,虎尾鎮民族路23-3號,雲林縣虎尾鎮東仁里6鄰民族路23之3號,120.440556,23.711459
2344,虎尾鎮新生路62-1號1樓,雲林縣虎尾鎮新興里23鄰新生路62之1號,120.439469,23.708924
2345,虎尾鎮新興里光復路303號,雲林縣虎尾鎮新興里23鄰光復路303號,120.440381,23.709759
2346,雲林縣斗六市明德北路3段355號,雲林縣斗六市保庄里35鄰明德北路三段355號,120.529420,23.704663
2347,虎尾鎮東明路126號,雲林縣虎尾鎮東仁里27鄰東明路126號,120.442055,23.713664
2348,崙背鄉大業路28號,雲林縣崙背鄉南陽村5鄰大業路28號,120.355001,23.759366
2349,西螺鎮新豐里市場南路375號,雲林縣西螺鎮新豐里12鄰市場南路375號,120.441205,23.781220
2350,斗六市上海路136號1樓,雲林縣斗六市三平里11鄰上海路136號,120.538679,23.712578
2351,西螺鎮正興里光復西路120號,雲林縣西螺鎮正興里15鄰光復西路120號,120.461918,23.796990
2352,斗六市北平路42號,雲林縣斗六市三平里16鄰北平路42號,120.536946,23.713577
2353,斗南鎮新興街130號,雲林縣斗南鎮南昌里17鄰新興街130號,120.479066,23.674561
2354,斗六市忠孝里永安路46號,雲林縣斗六市忠孝里7鄰永安路46號,120.547798,23.709800
2355,北港鎮新街里新德路123號,雲林縣北港鎮新街里5鄰新德路123號,120.307820,23.591763
2356,土庫鎮中正路96-3號,雲林縣土庫鎮順天里3鄰中正路96之3號,120.389853,23.675256
2357,虎尾鎮新生路74號,雲林縣虎尾鎮新興里16鄰新生路74號,120.437886,23.708214
2358,二崙鄉中山路171號,雲林縣二崙鄉崙西村10鄰中山路171號,120.411787,23.769407
2359,林內鄉中山路2-3號,雲林縣林內鄉林中村30鄰中山路2之3號,120.615782,23.759000
2360,虎尾鎮信義路38號、40號之1樓,雲林縣虎尾鎮東仁里12鄰信義路79號,120.437549,23.711603
2361,斗六市文化路69號,雲林縣斗六市鎮東里2鄰文化路69號,120.548338,23.711072
2362,水林鄉水北村水林路104號,雲林縣水林鄉水北村15鄰水林路104號,120.242968,23.572137
2363,虎尾鎮新興里光復路185號,雲林縣虎尾鎮新興里25鄰光復路185號,120.444686,23.709395
2364,斗六市民生南路107號,雲林縣斗六市鎮南里10鄰民生南路107號,120.537108,23.703116
2365,莿桐鄉中正路66巷19之2號,雲林縣莿桐鄉莿桐村8鄰中正路66巷19之2號,120.502204,23.757688
2366,褒忠鄉中民路133號,雲林縣褒忠鄉中民村18鄰中民路133號,120.309990,23.692111
2367,莿桐鄉莿桐村中山路173號,雲林縣莿桐鄉莿桐村16鄰中山路173號,120.499956,23.758676
2368,斗六市中堅西路228號1樓,雲林縣斗六市鎮西里12鄰中堅西路228號,120.534710,23.701177
2369,高雄市三民區義華路332號,高雄市三民區寶泰里2鄰義華路332號,120.334801,22.643775
2370,高雄市三民區皓東路171之4、171之5號,高雄市三民區本武里2鄰皓東路171之1號,120.334093,22.649370
2371,高雄市鼓山區中華一路976號,高雄市鼓山區龍水里7鄰中華一路976號,120.291698,22.654924
2372,高雄市苓雅區興中一路247號,高雄市苓雅區普照里12鄰興中一路247號,120.310772,22.617583
2373,高雄市三民區灣中街253號,高雄市三民區灣中里24鄰灣中街253號,120.318637,22.649231
2374,高雄市三民區九如二路456、458號1樓,高雄市三民區德北里13鄰九如二路735之2號,120.292213,22.641783
2375,高雄市橋頭區樹德路30號,高雄市橋頭區白樹里12鄰樹德路30號,120.305013,22.759381
2376,高雄市左營區店仔頂路32號,高雄市左營區聖西里6鄰店仔頂路32號,120.291115,22.683221
2377,高雄市楠梓區德民路923號,高雄市楠梓區裕昌里13鄰德民路923號,120.289465,22.720738
2378,高雄市苓雅區林森二路142號1、2樓,高雄市苓雅區美田里9鄰林森二路142號,120.306565,22.620756
2379,高雄市左營區明華一路192號,高雄市左營區新上里31鄰明華一路192號,120.306015,22.663069
2380,高雄市鳳山區保泰路150號,高雄市鳳山區善美里1鄰保泰路150號,120.330279,22.600321
2381,高雄市三民區建工路700號1-3樓,高雄市三民區灣中里8鄰建工路700號,120.320792,22.648896
2382,高雄市苓雅區光華一路148-23號1-2樓,高雄市苓雅區林泉里18鄰光華一路148之23號,120.316458,22.622385
2383,高雄市鳳山區文安街26號,高雄市鳳山區文德里40鄰文安街26號,120.347935,22.642323
2384,高雄市新興區七賢一路510號1樓,高雄市新興區新江里2鄰七賢一路510號,120.303310,22.634688
2385,高雄市三民區正興路187號,高雄市三民區正興里6鄰正興路187號,120.319582,22.647532
2386,高雄市前鎮區二聖一路98號,高雄市前鎮區竹北里1鄰二聖一路98號,120.324077,22.612257
2387,高雄市前金區中華三路179號1樓,高雄市前金區東金里10鄰中華三路179號,120.294645,22.631907
2388,高雄市三民區自立一路305、305之1號1樓,高雄市三民區安宜里12鄰自立一路556號,120.297109,22.650541
2389,高雄市彌陀區中正路93號,高雄市彌陀區彌壽里2鄰中正路93號,120.249053,22.781144
2390,高雄市鳳山區鳳松路300號,高雄市鳳山區武松里9鄰鳳松路300號,120.363365,22.639261
2391,高雄市鼓山區華榮路432號,高雄市鼓山區華豐里25鄰華榮路432號,120.294295,22.669492
2392,高雄市左營區華夏路220號,高雄市左營區新下里16鄰華夏路220號,120.296661,22.669734
2393,高雄市新興區五福一路128號1樓,高雄市新興區德生里21鄰五福一路128號,120.312599,22.627171
2394,高雄市三民區九如一路913號,高雄市三民區安寧里12鄰九如一路913號,120.315396,22.640122
2395,高雄市三民區覺民路586號,高雄市三民區寶安里9鄰覺民路586號,120.329215,22.641100
2396,高雄市新興區林森一路111號1樓,高雄市新興區漢民里3鄰林森一路111號,120.304239,22.628323
2397,高雄市苓雅區建國一路352號,高雄市苓雅區民主里3鄰建國一路352號,120.323927,22.633118
2398,高雄市苓雅區光華一路33號1樓,高雄市苓雅區普天里22鄰光華一路33號,120.317220,22.619128
2399,高雄市苓雅區廣州一街121號1樓,高雄市苓雅區林泉里13鄰廣州一街121號,120.317763,22.622273
2400,高雄市三民區民族一路7號1樓,高雄市三民區同德里1鄰民族一路7號,120.313683,22.640111
2401,高雄市三民區正興路89號,高雄市三民區正興里13鄰正興路89號,120.320857,22.645586
2402,高雄市前鎮區一心一路243-2號,高雄市前鎮區民權里9鄰一心一路243之2號,120.315049,22.609095
2403,高雄市三民區熱河一街351號,高雄市三民區達德里13鄰熱河一街351號,120.306625,22.643583
2404,高雄市鼓山區裕誠路1509之6號,高雄市鼓山區明誠里47鄰裕誠路1509之6號,120.295482,22.665051
2405,高雄市鼓山區美術館路79號,高雄市鼓山區龍水里16鄰美術館路79號,120.290574,22.654575
2406,高雄市三民區大豐二路288號1樓,高雄市三民區寶泰里17鄰大豐二路288號,120.332936,22.645389
2407,高雄市岡山區仁壽路36號,高雄市岡山區仁壽里5鄰仁壽路36號,120.289576,22.792940
2408,高雄市小港區沿海一路347號1、2樓,高雄市小港區二苓里3鄰沿海一路347號,120.354743,22.564264
2409,高雄市三民區陽明路392號1樓,高雄市三民區本揚里2鄰陽明路392號,120.342877,22.645795
2410,高雄市新興區七賢一路398號,高雄市新興區南港里16鄰七賢一路398號,120.306861,22.634463
2411,高雄市鳳山區鎮南街70號,高雄市鳳山區鎮南里24鄰鎮南街70號,120.329536,22.596253
2412,高雄市三民區河堤路592號1、2樓,高雄市三民區鼎泰里2鄰河堤路592號,120.315127,22.666903
2413,高雄市新興區忠孝一路188號,高雄市新興區華聲里16鄰忠孝一路188號,120.305977,22.628236
2414,高雄市三民區立忠路2之1號,高雄市三民區本文里7鄰立忠路2之1號,120.325711,22.653725
2415,高雄市三民區莊敬路11號,高雄市三民區本文里14鄰莊敬路11號,120.323531,22.655197
2416,高雄市三民區建工路481號,高雄市三民區正順里1鄰建工路481號,120.323059,22.649003
2417,高雄市三民區博愛一路33號,高雄市三民區精華里22鄰博愛一路33號,120.302492,22.642282
2418,高雄市前鎮區翠亨北路271號,高雄市前鎮區平等里11鄰翠亨北路271號,120.320886,22.588988
2419,高雄市苓雅區建國一路89號,高雄市苓雅區正大里1鄰建國一路89號,120.335559,22.630438
2420,高雄市三民區建工路393號1、2樓,高雄市三民區本武里12鄰建工路393號,120.329905,22.652342
2421,高雄市苓雅區三多二路263、265號1、2樓,高雄市苓雅區普天里10鄰三多二路426號,120.314734,22.617581
2422,高雄市苓雅區正言路76號,高雄市苓雅區正大里14鄰正言路76號,120.330776,22.631872
2423,高雄市前鎮區二聖二路301號,高雄市前鎮區盛興里20鄰二聖二路301號,120.309676,22.613830
2424,高雄市前鎮區和平二路284號1樓,高雄市前鎮區竹北里18鄰和平二路284號,120.322774,22.615137
2425,高雄市旗山區中學路60號,高雄市旗山區大德里2鄰中學路60號,120.483277,22.880693
2426,高雄市左營區大中一路386號,高雄市左營區福山里19鄰大中一路386號,120.322256,22.677696
2427,高雄市苓雅區凱旋二路132號1至3樓,高雄市苓雅區奏捷里16鄰凱旋二路132號,120.323972,22.625924
2428,高雄市岡山區壽天路12號,高雄市岡山區岡山里26鄰壽天路12號,120.294443,22.796612
2429,高雄市三民區十全一路100號,高雄市三民區安生里11鄰十全一路100號,120.310001,22.645178
2430,高雄市旗津區旗港路33號,高雄市旗津區南汕里3鄰旗港路33號,120.285113,22.590209
2431,高雄市左營區博愛二路100號,高雄市左營區新上里41鄰博愛二路100號,120.303372,22.658131
2432,高雄市鹽埕區大仁路127號,高雄市鹽埕區新樂里6鄰大仁路127號,120.283447,22.625834
2433,高雄市鼓山區麗雄街49號,高雄市鼓山區延平里16鄰麗雄街49號,120.272864,22.621632
2434,高雄市鼓山區西藏街320號,高雄市鼓山區忠正里14鄰西藏街320號,120.276747,22.654865
2435,高雄市鼓山區鼓山三路51巷31弄15號,高雄市鼓山區龍井里3鄰鼓山三路51巷31弄15號,120.274377,22.655894
2436,高雄市左營區左營大路14之2號,高雄市左營區埤西里11鄰左營大路14之2號,120.287700,22.679950
2437,高雄市左營區部後街34號,找不到指定的門牌地址。,,
2438,高雄市左營區元帝路76號1樓,高雄市左營區廟東里11鄰元帝路76號,120.293871,22.686650
2439,高雄市左營區富民路338之5號,高雄市左營區新上里47鄰富民路338之5號,120.305356,22.664100
2440,高雄市左營區自由三路343號1-2樓,高雄市左營區菜公里9鄰自由三路343號,120.311937,22.674531
2441,高雄市左營區富民路159號,高雄市左營區新上里36鄰富民路159號,120.305071,22.660266
2442,高雄市楠梓區德民路222號,高雄市楠梓區翠屏里34鄰德民路222號,120.308499,22.726147
2443,高雄市楠梓區德祥路189號,高雄市楠梓區翠屏里34鄰德祥路189號,120.308040,22.726348
2444,高雄市三民區建國二路156號,高雄市三民區博愛里4鄰建國二路156號,120.308466,22.637692
2445,高雄市三民區昌裕街174號,高雄市三民區本館里24鄰昌裕街174號,120.329505,22.653199
2446,高雄市三民區北平二街29號,高雄市三民區安泰里20鄰北平二街29號,120.302274,22.650103
2447,高雄市三民區九如一路72號,高雄市三民區寶華里2鄰九如一路72號,120.342513,22.636789
2448,高雄市三民區博愛一路100號,高雄市三民區達德里1鄰博愛一路100號,120.303304,22.643871
2449,高雄市三民區瀋陽街109號,高雄市三民區達德里15鄰瀋陽街109號,120.307214,22.642917
2450,高雄市三民區天祥一路199號,高雄市三民區鼎泰里1鄰天祥一路199號,120.317942,22.667746
2451,高雄市三民區自由一路91號,高雄市三民區德智里5鄰自由一路91號,120.308496,22.643401
2452,高雄市三民區建國二路170、172號,高雄市三民區長明里4鄰建國二路326號,120.302109,22.638328
2453,高雄市三民區明仁路18號1、2樓,高雄市三民區鼎泰里38鄰明仁路18號,120.314252,22.660612
2454,高雄市三民區大豐二路160號1樓,高雄市三民區寶興里2鄰大豐二路160號,120.330868,22.645492
2455,高雄市三民區康德街50號,高雄市三民區寶中里13鄰康德街50號,120.324670,22.644337
2456,高雄市三民區覺民路39號,高雄市三民區寶華里17鄰覺民路39號,120.343744,22.638628
2457,高雄市三民區澄平街218號,高雄市三民區本上里17鄰澄平街218號,120.341558,22.646096
2458,高雄市三民區鼎中路213號,高雄市三民區鼎泰里25鄰鼎中路213號,120.319078,22.663760
2459,高雄市新興區復興一路97號,高雄市新興區成功里12鄰復興一路97號,120.308070,22.632120
2460,高雄市新興區自立一路24號,高雄市新興區建興里15鄰自立一路24號,120.297704,22.634810
2461,高雄市新興區六合一路96巷6號1樓,高雄市新興區中東里24鄰六合一路96巷6號,120.307948,22.632950
2462,高雄市新興區復興一路119號,高雄市新興區南港里1鄰復興一路119號,120.308304,22.635010
2463,高雄市新興區自立一路34號,高雄市新興區建興里14鄰自立一路34號,120.297641,22.634982
2464,高雄市苓雅區大順三路274號,高雄市苓雅區五福里18鄰大順三路274號,120.327011,22.635985
2465,高雄市苓雅區三多三路214之10號,高雄市苓雅區華堂里10鄰三多三路214之10號,120.307779,22.615221
2466,高雄市苓雅區學源街9號,高雄市苓雅區普天里11鄰學源街9號,120.315591,22.618236
2467,高雄市苓雅區忠孝二路8號,高雄市苓雅區日中里19鄰忠孝二路8號,120.309802,22.616250
2468,高雄市苓雅區五權街248號,高雄市苓雅區林中里1鄰五權街248號,120.317959,22.619980
2469,高雄市苓雅區四維一路280號,高雄市苓雅區奏捷里7鄰四維一路280號,120.324769,22.624452
2470,高雄市苓雅區建國一路147號,高雄市苓雅區正文里4鄰建國一路147號,120.329517,22.632437
2471,高雄市苓雅區林森二路11之2號,高雄市苓雅區華堂里5鄰林森二路11之2號,120.307874,22.616496
2472,高雄市苓雅區福德三路220號,高雄市苓雅區福壽里15鄰福德三路220號,120.327224,22.627316
2473,高雄市苓雅區青年二路149號,高雄市苓雅區苓昇里12鄰青年二路149號,120.295623,22.617660
2474,高雄市前鎮區鎮興路101號,高雄市前鎮區鎮榮里13鄰鎮興路101號,120.312946,22.591044
2475,高雄市前鎮區瑞隆路548號1、2樓,高雄市前鎮區瑞崗里2鄰瑞隆路548號,120.327330,22.605335
2476,高雄市前鎮區忠誠路217、219號,高雄市前鎮區瑞竹里16鄰忠誠路385號,120.322614,22.601469
2477,高雄市前鎮區永豐路216號,高雄市前鎮區瑞華里11鄰永豐路216號,120.333429,22.608782
2478,高雄市前鎮區凱旋四路338號,高雄市前鎮區興邦里5鄰凱旋四路338號,120.312932,22.593914
2479,高雄市前鎮區一心一路370號,高雄市前鎮區興東里13鄰一心一路370號,120.316416,22.608951
2480,高雄市前鎮區中平路278號1樓,高雄市前鎮區明義里4鄰中平路278號,120.324164,22.577147
2481,高雄市前鎮區瑞福路141號,高雄市前鎮區瑞昌里22鄰瑞福路141號,120.335573,22.608208
2482,高雄市前鎮區民權二路416號1樓,高雄市前鎮區興東里9鄰民權二路416號,120.314244,22.611564
2483,高雄市前鎮區三多三路143號,高雄市前鎮區盛豐里29鄰三多三路143號,120.310385,22.615698
2484,高雄市旗津區中州巷40號,高雄市旗津區南汕里10鄰南汕巷40號,120.290314,22.586625
2485,高雄市小港區二苓路222號,高雄市小港區三苓里8鄰二苓路222號,120.348459,22.565577
2486,高雄市鳳山區鳳南路167號1樓,高雄市鳳山區一甲里13鄰鳳南路167號,120.336331,22.599896
2487,高雄市鳳山區中山東路72號,高雄市鳳山區東門里6鄰中山東路72號,120.370811,22.623951
2488,高雄市鳳山區文德街31號1樓,找不到指定的門牌地址。,,
2489,高雄市鳳山區瑞隆東路256號1樓,高雄市鳳山區新武里2鄰瑞隆東路256號,120.339296,22.606283
2490,高雄市鳳山區建國路二段59之1號,高雄市鳳山區文華里37鄰建國路二段59之1號,120.361293,22.635387
2491,高雄市鳳山區文龍東路160號,高雄市鳳山區鎮北里5鄰文龍東路160號,120.370616,22.641144
2492,高雄市鳳山區勝利路53號,高雄市鳳山區中正里13鄰勝利路53號,120.373602,22.628499
2493,高雄市鳳山區文龍東路276號,高雄市鳳山區鎮北里15鄰文龍東路276號,120.367602,22.640802
2494,高雄市旗山區復新街11號,高雄市旗山區大德里11鄰復新街11號,120.482630,22.884793
2495,高雄市仁武區中正路138號,高雄市仁武區仁武里9鄰中正路138號,120.350485,22.702150
2496,高雄市仁武區仁和街12號1樓,高雄市仁武區仁武里31鄰仁和街12號,120.347982,22.702679
2497,高雄市橋頭區橋頭里新興路23號,高雄市橋頭區橋頭里14鄰新興路23號,120.308854,22.759347
2498,高雄市茄萣區仁愛路二段86號,高雄市茄萣區保定里14鄰仁愛路二段86號,120.185158,22.896114
2499,高雄市梓官區梓官路城隍巷22號,高雄市梓官區梓和里4鄰梓官路城隍巷22號,120.267711,22.759428
2500,高雄市梓官區中正路100號,高雄市梓官區智蚵里18鄰中正路100號,120.257664,22.727620
2501,高雄市鼓山區華榮路214號,高雄市鼓山區明誠里35鄰華榮路214號,120.297213,22.664041
2502,高雄市鼓山區九如四路758號,高雄市鼓山區民強里18鄰九如四路758號,120.279247,22.651301
2503,高雄市鼓山區明華路333號,高雄市鼓山區明誠里45鄰明華路333號,120.301689,22.663222
2504,高雄市鼓山區華榮路291、293號1樓,高雄市鼓山區裕興里22鄰華榮路631號,120.291880,22.671212
2505,高雄市鼓山區美術東二路106號,高雄市鼓山區龍水里15鄰美術東二路106號,120.288351,22.653594
2506,高雄市鼓山區九如四路1470號,高雄市鼓山區光榮里8鄰九如四路1470號,120.272290,22.661898
2507,高雄市左營區自由四路147號1樓,高雄市左營區福山里33鄰自由四路147號,120.314009,22.682455
2508,高雄市左營區孟子路419號1樓,高雄市左營區菜公里4鄰孟子路419號,120.307597,22.675533
2509,高雄市左營區立大路133號,高雄市左營區新光里11鄰立大路133號,120.302580,22.676076
2510,高雄市左營區華夏路765號,高雄市左營區新光里37鄰華夏路765號,120.302960,22.679275
2511,高雄市左營區自由四路1、3號1、2樓,高雄市左營區福山里68鄰自由四路11號,120.313404,22.679938
2512,高雄市左營區榮成一街17號,高雄市左營區福山里43鄰榮成一街17號,120.321250,22.678484
2513,高雄市左營區華夏路1108號,高雄市左營區福山里30鄰華夏路1108號,120.308364,22.683363
2514,高雄市左營區光興街235號,高雄市左營區新上里15鄰光興街235號,120.311462,22.663761
2515,高雄市左營區重愛路356號1樓,高雄市左營區福山里69鄰重愛路356號,120.313438,22.687581
2516,高雄市左營區至聖路171號,高雄市左營區新上里54鄰至聖路171號,120.307264,22.659497
2517,高雄市左營區文學路255、257號1樓,高雄市左營區福山里9鄰文學路702號,120.319376,22.688756
2518,高雄市左營區富國路41號1、2樓,高雄市左營區新上里39鄰富國路41號,120.306439,22.657741
2519,高雄市左營區新庄仔路237之1號1樓,高雄市左營區新中里19鄰新庄仔路237之1號,120.306216,22.669734
2520,高雄市左營區軍校路610號,高雄市左營區莒光里1鄰軍校路610號,120.292921,22.705300
2521,高雄市左營區裕誠路266號,高雄市左營區新上里11鄰裕誠路266號,120.309231,22.664978
2522,高雄市左營區文自路226號1樓,高雄市左營區菜公里53鄰文自路226號,120.307896,22.673266
2523,高雄市楠梓區建楠路182號,高雄市楠梓區惠楠里5鄰建楠路182號,120.326196,22.727148
2524,高雄市楠梓區大學南路603號,高雄市楠梓區藍田里3鄰大學南路603號,120.285535,22.731998
2525,高雄市三民區河堤路490號,高雄市三民區鼎泰里71鄰河堤路490號,120.313222,22.664608
2526,高雄市三民區寶興路38號,高雄市三民區寶興里21鄰寶興路38號,120.327340,22.644358
2527,高雄市三民區建國三路367號1、2樓,高雄市三民區興德里9鄰建國三路367號,120.293272,22.636752
2528,高雄市三民區義德路85號,高雄市三民區寶泰里2鄰義德路85號,120.335077,22.644867
2529,高雄市三民區山東街94號,高雄市三民區同德里14鄰山東街94號,120.311614,22.642918
2530,高雄市三民區興隆街6號1、2樓,高雄市三民區正興里6鄰興隆街6號,120.319479,22.647236
2531,高雄市三民區十全一路215號1樓,高雄市三民區德智里2鄰十全一路215號,120.307676,22.644964
2532,高雄市新興區五福二路35號1樓,高雄市新興區浩然里8鄰五福二路35號,120.308102,22.625266
2533,高雄市新興區中山一路276號,高雄市新興區新江里13鄰中山一路276號,120.302610,22.635238
2534,高雄市新興區青年一路138號,高雄市新興區浩然里13鄰青年一路138號,120.310761,22.623069
2535,高雄市新興區民生一路330號,高雄市新興區漢民里10鄰民生一路330號,120.304190,22.627718
2536,高雄市新興區中正三路5號,高雄市新興區光耀里17鄰中正三路5號,120.311047,22.630434
2537,高雄市新興區六合路85號,高雄市新興區文昌里9鄰六合路85號,120.316359,22.631830
2538,高雄市新興區青年一路452、454號1樓,高雄市新興區振華里16鄰青年一路464號,120.302469,22.620253
2539,高雄市苓雅區英明路118之1、120號1樓,高雄市苓雅區英明里12鄰英明路118之1號,120.325391,22.614331
2540,高雄市苓雅區興中一路46號,高雄市苓雅區普天里2鄰興中一路46號,120.315164,22.619381
2541,高雄市苓雅區正義路149號,高雄市苓雅區正仁里14鄰正義路149號,120.339234,22.631239
2542,高雄市苓雅區福德二路12號,高雄市苓雅區正言里6鄰福德二路12號,120.328012,22.630407
2543,高雄市苓雅區福安路15號1樓,高雄市苓雅區永康里1鄰福安路15號,120.330879,22.624973
2544,高雄市苓雅區中正二路20號,高雄市苓雅區安祥里6鄰中正二路20號,120.321111,22.630243
2545,高雄市苓雅區中山二路410號8樓,高雄市苓雅區仁政里16鄰中山二路410號,120.303090,22.618489
2546,高雄市苓雅區三多二路157號,高雄市苓雅區林榮里1鄰三多二路157號,120.323695,22.619986
2547,高雄市前鎮區黃埔街28號,高雄市前鎮區竹西里20鄰黃埔街28號,120.321264,22.610749
2548,高雄市前鎮區一心二路86號,高雄市前鎮區盛豐里9鄰一心二路86號,120.310407,22.611533
2549,高雄市小港區宏平路347號,高雄市小港區宏亮里4鄰宏平路347號,120.359903,22.569642
2550,高雄市小港區山明路166、168號1樓,高雄市小港區濟南里21鄰山明路618號,120.361061,22.571172
2551,高雄市小港區沿海一路49號,高雄市小港區大苓里12鄰沿海一路49號,120.349413,22.569699
2552,高雄市三民區陽明路72號,高雄市三民區寶業里7鄰陽明路72號,120.341632,22.639593
2553,高雄市楠梓區德民路999之7號,高雄市楠梓區裕昌里16鄰德民路999之7號,120.286973,22.719460
2554,高雄市左營區華夏路213號,高雄市左營區新下里16鄰華夏路213號,120.296223,22.669782
2555,高雄市楠梓區右昌街718號1樓,高雄市楠梓區國昌里1鄰右昌街718號,120.283921,22.719179
2556,高雄市燕巢區義大路21號,高雄市燕巢區角宿里20鄰義大路21號,120.365844,22.765915
2557,高雄市楠梓區興楠路17號,高雄市楠梓區五常里11鄰興楠路17號,120.339425,22.731501
2558,高雄市三民區聯興路125號,高雄市三民區灣興里1鄰聯興路125號,120.313975,22.658674
2559,高雄市新興區中山一路61號,高雄市新興區大明里7鄰中山一路61號,120.301429,22.629660
